--
-- PostgreSQL database dump
--

SET statement_timeout = 0;
SET lock_timeout = 0;
SET client_encoding = 'UTF8';
SET standard_conforming_strings = on;
SET check_function_bodies = false;
SET client_min_messages = warning;

--
-- Name: plpgsql; Type: EXTENSION; Schema: -; Owner: 
--

CREATE EXTENSION IF NOT EXISTS plpgsql WITH SCHEMA pg_catalog;


--
-- Name: EXTENSION plpgsql; Type: COMMENT; Schema: -; Owner: 
--

COMMENT ON EXTENSION plpgsql IS 'PL/pgSQL procedural language';


SET search_path = public, pg_catalog;

SET default_tablespace = '';

SET default_with_oids = false;

--
-- Name: autorizacoes; Type: TABLE; Schema: public; Owner: postgres; Tablespace: 
--

CREATE TABLE autorizacoes (
    id integer NOT NULL,
    competencia_id integer NOT NULL,
    estabelecimento_id integer NOT NULL,
    rubrica_id integer NOT NULL,
    operador_id integer NOT NULL,
    valor numeric(12,2) DEFAULT 0.00 NOT NULL,
    created_at date DEFAULT now() NOT NULL,
    observacoes character varying(200),
    impressa boolean DEFAULT false
);


ALTER TABLE autorizacoes OWNER TO postgres;

--
-- Name: autorizacoes_id_seq; Type: SEQUENCE; Schema: public; Owner: postgres
--

CREATE SEQUENCE autorizacoes_id_seq
    START WITH 1
    INCREMENT BY 1
    NO MINVALUE
    NO MAXVALUE
    CACHE 1;


ALTER TABLE autorizacoes_id_seq OWNER TO postgres;

--
-- Name: autorizacoes_id_seq; Type: SEQUENCE OWNED BY; Schema: public; Owner: postgres
--

ALTER SEQUENCE autorizacoes_id_seq OWNED BY autorizacoes.id;


--
-- Name: competencias; Type: TABLE; Schema: public; Owner: postgres; Tablespace: 
--

CREATE TABLE competencias (
    id integer NOT NULL,
    mes character(2) NOT NULL,
    ano character(4) NOT NULL,
    created_at date DEFAULT now() NOT NULL,
    operador_id integer NOT NULL,
    ativo boolean
);


ALTER TABLE competencias OWNER TO postgres;

--
-- Name: competencias_id_seq; Type: SEQUENCE; Schema: public; Owner: postgres
--

CREATE SEQUENCE competencias_id_seq
    START WITH 1
    INCREMENT BY 1
    NO MINVALUE
    NO MAXVALUE
    CACHE 1;


ALTER TABLE competencias_id_seq OWNER TO postgres;

--
-- Name: competencias_id_seq; Type: SEQUENCE OWNED BY; Schema: public; Owner: postgres
--

ALTER SEQUENCE competencias_id_seq OWNED BY competencias.id;


--
-- Name: config; Type: TABLE; Schema: public; Owner: postgres; Tablespace: 
--

CREATE TABLE config (
    id integer NOT NULL,
    expira character varying(200) NOT NULL
);


ALTER TABLE config OWNER TO postgres;

--
-- Name: config_id_seq; Type: SEQUENCE; Schema: public; Owner: postgres
--

CREATE SEQUENCE config_id_seq
    START WITH 1
    INCREMENT BY 1
    NO MINVALUE
    NO MAXVALUE
    CACHE 1;


ALTER TABLE config_id_seq OWNER TO postgres;

--
-- Name: config_id_seq; Type: SEQUENCE OWNED BY; Schema: public; Owner: postgres
--

ALTER SEQUENCE config_id_seq OWNED BY config.id;


--
-- Name: estabelecimentos; Type: TABLE; Schema: public; Owner: postgres; Tablespace: 
--

CREATE TABLE estabelecimentos (
    id integer NOT NULL,
    cnes character(7) NOT NULL,
    nome character varying(60) NOT NULL,
    nome_completo character varying(60) NOT NULL,
    tipo character(1) NOT NULL,
    cpf_cnpj character(14) NOT NULL,
    operador_id integer NOT NULL,
    created_at date DEFAULT now(),
    ativo boolean
);


ALTER TABLE estabelecimentos OWNER TO postgres;

--
-- Name: estabelecimentos_id_seq; Type: SEQUENCE; Schema: public; Owner: postgres
--

CREATE SEQUENCE estabelecimentos_id_seq
    START WITH 1
    INCREMENT BY 1
    NO MINVALUE
    NO MAXVALUE
    CACHE 1;


ALTER TABLE estabelecimentos_id_seq OWNER TO postgres;

--
-- Name: estabelecimentos_id_seq; Type: SEQUENCE OWNED BY; Schema: public; Owner: postgres
--

ALTER SEQUENCE estabelecimentos_id_seq OWNED BY estabelecimentos.id;


--
-- Name: operadores; Type: TABLE; Schema: public; Owner: postgres; Tablespace: 
--

CREATE TABLE operadores (
    id integer NOT NULL,
    nome character varying(25) NOT NULL,
    email character varying(100) NOT NULL,
    senha character varying(120) NOT NULL,
    nivel integer DEFAULT 4 NOT NULL,
    ativo boolean,
    created_at date DEFAULT now(),
    nome_completo character varying(60) NOT NULL
);


ALTER TABLE operadores OWNER TO postgres;

--
-- Name: operadores_id_seq; Type: SEQUENCE; Schema: public; Owner: postgres
--

CREATE SEQUENCE operadores_id_seq
    START WITH 1
    INCREMENT BY 1
    NO MINVALUE
    NO MAXVALUE
    CACHE 1;


ALTER TABLE operadores_id_seq OWNER TO postgres;

--
-- Name: operadores_id_seq; Type: SEQUENCE OWNED BY; Schema: public; Owner: postgres
--

ALTER SEQUENCE operadores_id_seq OWNED BY operadores.id;


--
-- Name: rubricas; Type: TABLE; Schema: public; Owner: postgres; Tablespace: 
--

CREATE TABLE rubricas (
    id integer NOT NULL,
    codigo character(4) NOT NULL,
    descricao character varying(100) NOT NULL,
    conta character varying(12) NOT NULL,
    operador_id integer NOT NULL,
    ativo boolean,
    created_at date DEFAULT now()
);


ALTER TABLE rubricas OWNER TO postgres;

--
-- Name: rubricas_id_seq; Type: SEQUENCE; Schema: public; Owner: postgres
--

CREATE SEQUENCE rubricas_id_seq
    START WITH 1
    INCREMENT BY 1
    NO MINVALUE
    NO MAXVALUE
    CACHE 1;


ALTER TABLE rubricas_id_seq OWNER TO postgres;

--
-- Name: rubricas_id_seq; Type: SEQUENCE OWNED BY; Schema: public; Owner: postgres
--

ALTER SEQUENCE rubricas_id_seq OWNED BY rubricas.id;


--
-- Name: id; Type: DEFAULT; Schema: public; Owner: postgres
--

ALTER TABLE ONLY autorizacoes ALTER COLUMN id SET DEFAULT nextval('autorizacoes_id_seq'::regclass);


--
-- Name: id; Type: DEFAULT; Schema: public; Owner: postgres
--

ALTER TABLE ONLY competencias ALTER COLUMN id SET DEFAULT nextval('competencias_id_seq'::regclass);


--
-- Name: id; Type: DEFAULT; Schema: public; Owner: postgres
--

ALTER TABLE ONLY config ALTER COLUMN id SET DEFAULT nextval('config_id_seq'::regclass);


--
-- Name: id; Type: DEFAULT; Schema: public; Owner: postgres
--

ALTER TABLE ONLY estabelecimentos ALTER COLUMN id SET DEFAULT nextval('estabelecimentos_id_seq'::regclass);


--
-- Name: id; Type: DEFAULT; Schema: public; Owner: postgres
--

ALTER TABLE ONLY operadores ALTER COLUMN id SET DEFAULT nextval('operadores_id_seq'::regclass);


--
-- Name: id; Type: DEFAULT; Schema: public; Owner: postgres
--

ALTER TABLE ONLY rubricas ALTER COLUMN id SET DEFAULT nextval('rubricas_id_seq'::regclass);


--
-- Data for Name: autorizacoes; Type: TABLE DATA; Schema: public; Owner: postgres
--

COPY autorizacoes (id, competencia_id, estabelecimento_id, rubrica_id, operador_id, valor, created_at, observacoes, impressa) FROM stdin;
1136	26	44	7	4	4740.28	2013-12-23	DIFERENÇA DE PRODUTIVIDADE DA COMPETENCIA SETEMBRO/2013 .\nDO CENTRO DE NEFROLOGIA DE JUAZEIRO DO NORTE. (RECURSO ESTADUAL)	f
1137	28	32	1	9	6424.42	2013-12-23		f
1138	28	28	1	9	3164.45	2013-12-23		f
1139	28	27	1	9	3570.00	2013-12-23		f
1140	28	36	1	9	28841.40	2013-12-23		f
1141	28	13	1	9	4000.00	2013-12-23		f
1142	28	51	1	9	14089.68	2013-12-23		f
1143	28	75	1	9	3072.40	2013-12-23		f
1144	28	43	1	9	3487.74	2013-12-23		f
1152	28	10	1	9	6779.48	2013-12-23		f
1161	28	38	1	9	9925.00	2013-12-23		f
1169	28	43	4	9	54012.00	2013-12-23		f
1170	28	69	1	9	3002.54	2013-12-23		f
1174	28	77	1	9	3199.23	2013-12-23		f
1175	28	74	1	9	12000.00	2013-12-23		f
1176	28	77	1	9	6431.36	2013-12-23		f
1177	28	67	1	9	3994.15	2013-12-23		f
1178	28	21	1	9	4984.75	2013-12-23		f
1179	28	73	1	9	3987.80	2013-12-23		f
1180	28	22	1	9	4984.75	2013-12-23		f
1181	28	18	1	9	3981.45	2013-12-23		f
1182	28	14	1	9	3975.10	2013-12-23		f
1184	28	15	1	9	3981.45	2013-12-23		f
1185	28	16	1	9	3994.15	2013-12-23		f
1186	28	20	1	9	3981.45	2013-12-23		f
1187	28	23	1	9	3981.45	2013-12-23		f
1188	28	17	1	9	3981.45	2013-12-23		f
1190	28	33	9	9	19125.00	2013-12-23		f
1192	28	44	1	9	3348.19	2013-12-23		f
1281	30	14	1	9	3994.15	2014-02-25		f
1194	28	65	1	9	6250.00	2013-12-23	PROCEDIMENTO REALIZADO NO HOSPITAL  INFANTIL MUNICIPAL MARIA AMELIA BEZERRA	f
1195	28	78	1	9	2702.24	2013-12-23		f
1196	28	33	1	9	30874.65	2013-12-23		f
1197	28	1	1	4	97134.00	2013-12-26	A Unidade prestadora realizou o atendimento para o fim em que contratada,\nsegue em anexo a produçao realizada na competencia de novembro/2013, informada via RAAS.	f
1198	28	70	1	9	5230.00	2013-12-30		f
1201	27	44	7	9	32962.09	2014-01-06	DIFERENÇA DE PRODUTIVIDADE DA COMPETENCIA OUTUBRO/2013 .\nDO CENTRO DE NEFROLOGIA DE JUAZEIRO DO NORTE. (RECURSO ESTADUAL)	f
1202	28	44	1	9	283360.12	2014-01-08		f
1203	29	20	1	9	3460.75	2014-01-30		f
1214	29	9	1	9	2321.01	2014-01-30		f
1225	29	77	1	9	3869.84	2014-01-30		f
1228	29	28	1	9	3058.20	2014-01-30		f
1231	29	34	1	9	4999.07	2014-01-30		f
1235	29	32	1	9	16140.98	2014-01-30		f
1236	29	31	1	9	245.00	2014-01-30		f
1238	29	63	1	9	3636.51	2014-01-30		f
1239	29	62	1	9	7308.90	2014-01-30		f
1240	29	78	1	9	3880.44	2014-01-30		f
1241	29	1	1	4	97134.00	2014-01-30	A Unidade prestadora realizou o atendimento para o fim em que contratada,\nsegue em anexo a produçao realizada na competencia de dezembro/2013, informada via RAAS.	f
1242	29	72	10	4	4500.00	2014-01-30		f
1243	29	40	10	4	4500.00	2014-01-30		f
1244	29	38	10	4	4500.00	2014-01-30		f
1245	29	39	10	4	4500.00	2014-01-30		f
1246	29	38	1	4	9750.00	2014-01-30		f
1247	29	39	1	4	9750.00	2014-01-30		f
1248	29	54	1	4	10000.00	2014-01-30		f
1249	29	72	1	4	9900.00	2014-01-30		f
1250	29	74	1	9	12450.00	2014-01-30		f
1251	29	40	1	9	10000.00	2014-01-30		f
1252	29	41	1	9	9979.50	2014-01-30		f
1253	29	35	1	9	7020.12	2014-01-31		f
1254	29	44	1	9	13779.18	2014-01-31		f
1255	29	17	1	4	3968.75	2014-02-03		f
1259	29	8	1	4	40935.93	2014-02-03		f
1260	29	33	1	9	35978.33	2014-02-03		f
1261	29	33	9	9	10620.00	2014-02-03		f
1262	29	71	1	9	7475.00	2014-02-04		f
1263	29	44	6	9	287315.36	2014-02-04		f
1264	29	65	1	9	6247.39	2014-02-04	PROCEDIMENTO REALIZADO NO HOSPITAL  INFANTIL MUNICIPAL MARIA AMELIA BEZERRA	f
1265	27	8	1	4	37624.44	2014-02-19		f
1266	28	8	1	4	38976.65	2014-02-19		f
1269	30	40	1	9	10000.00	2014-02-24		f
1270	30	39	1	9	9900.00	2014-02-24		f
1271	30	41	1	9	9886.00	2014-02-24		f
1272	30	54	1	9	9925.00	2014-02-24		f
1273	30	38	1	9	9900.00	2014-02-25		f
1274	30	54	10	9	4500.00	2014-02-25		f
1275	30	70	1	9	8295.00	2014-02-25		f
1276	30	71	1	9	11930.00	2014-02-25		f
1277	30	74	1	9	12450.00	2014-02-25		f
1278	30	72	1	9	4500.00	2014-02-25		f
1279	30	20	1	9	3823.10	2014-02-25		f
1280	30	15	1	9	2889.25	2014-02-25		f
1282	30	16	1	9	3987.80	2014-02-25		f
1283	30	18	1	9	3841.75	2014-02-25		f
1284	30	22	1	9	4978.40	2014-02-25		f
1285	30	67	1	9	3994.15	2014-02-25		f
1286	30	23	1	9	3981.45	2014-02-25		f
1287	30	73	1	9	3975.10	2014-02-25		f
1290	30	44	1	9	4588.74	2014-02-25		f
1291	30	33	9	9	5220.00	2014-02-25		f
1292	30	33	1	9	27297.80	2014-02-25		f
1293	30	32	1	9	17079.59	2014-02-25		f
1294	30	31	1	9	1325.00	2014-02-25		f
1295	30	27	1	9	2990.00	2014-02-25		f
1296	30	79	1	9	28841.40	2014-02-25		f
1297	30	34	1	9	2232.54	2014-02-25		f
1298	30	13	1	9	4000.00	2014-02-25		f
1300	30	51	1	9	3343.66	2014-02-25		f
1301	30	75	1	9	2974.84	2014-02-25		f
1302	30	9	1	9	11941.82	2014-02-25		f
1303	30	9	1	9	1672.80	2014-02-25		f
1304	30	66	1	9	3499.95	2014-02-25		f
1305	30	10	1	9	6256.84	2014-02-25		f
1309	30	4	1	9	3548.63	2014-02-25		f
1313	30	69	1	9	3520.92	2014-02-25		f
7	2	23	1	4	3568.70	2012-03-29		f
8	2	20	1	4	3994.15	2012-03-29		f
9	2	14	1	4	5797.55	2012-03-29		f
10	2	15	1	4	5797.55	2012-03-29		f
11	2	16	1	4	3473.45	2012-03-29		f
1146	28	35	4	9	23791.00	2013-12-23		f
1153	28	3	1	9	3484.62	2013-12-23		f
1162	28	72	1	9	9900.00	2013-12-23		f
1171	28	66	1	9	3582.92	2013-12-23		f
1199	28	71	1	9	11740.00	2013-12-30		f
1204	29	15	1	9	2921.00	2014-01-30		f
1215	29	10	1	9	6764.05	2014-01-30		f
1226	29	66	1	9	3027.98	2014-01-30		f
1229	29	27	1	9	2970.00	2014-01-30		f
1232	29	13	1	9	4000.00	2014-01-30		f
1268	30	72	1	9	10000.00	2014-02-24		f
1306	30	3	1	9	3482.86	2014-02-25		f
1310	30	64	1	9	4824.22	2014-02-25		f
1312	30	65	1	9	24926.61	2014-02-25		f
1314	30	77	1	9	2428.00	2014-02-25		f
1318	27	8	1	4	4169.17	2014-02-26	DIFERENÇA DE PAGAMENTO DA PRODUTIVIDADE DO LABORATÓRIO REGIONAL DE SAÚDE PÚBLICA-COMPETÊNCIA OUTUBRO DE 2013	f
1572	34	34	1	4	4999.65	2014-06-24		f
1764	37	32	1	4	14861.61	2014-09-17		f
1769	37	72	1	4	10000.00	2014-09-17		f
1773	37	70	1	4	11910.00	2014-09-17		f
1824	38	1	1	4	97134.00	2014-10-17	A UNIDADE PRESTADORA REALIZOU O ATENDIMENTO PARA O FIM EM QUE CONTRATADA,\nSEGUE EM ANEXO A PRODUÇAO REALIZADA NA COMPETENCIA DE SETEMBRO/2014, INFORMADA VIA RAAS .	f
1825	38	15	1	4	3968.75	2014-10-17		f
1829	38	16	1	4	3987.80	2014-10-17		f
1830	38	18	1	4	4997.45	2014-10-17		f
1832	38	67	1	4	4984.75	2014-10-17		f
1834	38	73	1	4	3987.80	2014-10-17		f
1835	38	21	1	4	4997.45	2014-10-17		f
1926	39	17	1	4	3968.75	2014-11-20		f
1838	38	22	1	4	5969.00	2014-10-20		f
1844	38	64	1	4	6687.23	2014-10-20		f
1850	38	78	1	4	4083.10	2014-10-20		f
1851	38	62	1	4	9089.38	2014-10-20		f
1857	38	33	1	4	27807.18	2014-10-20		f
1863	38	36	1	4	28841.40	2014-10-20		f
1866	38	77	1	4	840.00	2014-10-20		f
1867	38	77	1	4	3645.31	2014-10-20	REFERENTE AO EXAMES CITOPATOLOGICO.	f
1868	38	65	1	4	6247.35	2014-10-20	REFERENTE AO ATENDIMENTO REALIZADO NO HOSPITAL INFANTIL MARIA AMELIA	f
1927	39	16	1	4	3994.15	2014-11-20		f
1873	38	54	10	4	4500.00	2014-10-20		f
1874	38	38	1	4	9850.00	2014-10-20		f
1875	38	41	1	4	9853.90	2014-10-20		f
1876	38	71	1	4	11985.00	2014-10-20		f
1877	38	39	1	4	9900.00	2014-10-20		f
1878	38	54	1	4	10000.00	2014-10-20		f
1879	38	72	1	4	9975.00	2014-10-20		f
1880	38	40	1	4	10000.00	2014-10-20		f
1881	38	40	10	4	4500.00	2014-10-20		f
1882	38	38	10	4	4500.00	2014-10-20		f
1884	38	66	1	4	5622.66	2014-10-22		f
1885	38	74	1	4	12150.00	2014-10-24		f
1888	38	44	6	4	341057.05	2014-11-11		f
1889	38	44	1	4	7444.64	2014-11-11		f
1891	39	15	1	4	3968.75	2014-11-17		f
1892	39	14	1	4	3994.15	2014-11-17		f
1893	39	16	1	4	3994.15	2014-11-17		f
1895	39	18	1	4	4953.00	2014-11-17		f
1896	39	22	1	4	5969.00	2014-11-17		f
1897	39	67	1	4	4984.75	2014-11-17		f
1898	39	23	1	4	4984.75	2014-11-17		f
1899	39	73	1	4	2762.25	2014-11-17		f
1900	39	21	1	4	4984.75	2014-11-17		f
1902	39	9	1	4	14668.10	2014-11-19		f
1903	39	66	1	4	4820.92	2014-11-19		f
1904	39	10	1	4	6989.21	2014-11-19		f
1905	39	3	1	4	3490.41	2014-11-19		f
1906	39	26	1	4	11990.66	2014-11-19		f
1907	39	6	1	4	6135.54	2014-11-19		f
1908	39	4	1	4	4605.07	2014-11-19		f
1909	39	64	1	4	6164.72	2014-11-19		f
1910	39	65	1	4	29956.91	2014-11-19		f
1911	39	65	1	4	6247.10	2014-11-19	ATENDIMENTO REALIZADO NO HOSPITAL INFANTI MARIA AMELIA BEZERRA.	f
1912	39	69	1	4	4368.35	2014-11-19		f
1913	39	76	1	4	3992.83	2014-11-19		f
1914	39	8	1	4	45968.00	2014-11-19		f
1915	39	32	1	4	13347.36	2014-11-19		f
1916	39	33	1	4	24864.08	2014-11-19		f
1917	39	33	9	4	5895.00	2014-11-19		f
1918	39	28	1	4	3532.80	2014-11-19		f
1919	39	27	1	4	4930.00	2014-11-19		f
1920	39	36	1	4	28841.40	2014-11-19		f
1921	39	34	1	4	4999.10	2014-11-19		f
1922	39	13	1	4	4000.00	2014-11-19		f
1923	39	51	1	4	324.00	2014-11-19		f
1924	39	75	1	4	2159.20	2014-11-19		f
1933	39	63	1	4	602.74	2014-11-20		f
1929	39	1	1	4	97134.00	2014-11-20		f
1930	39	43	4	4	41152.00	2014-11-20		f
1931	39	35	4	4	7821.35	2014-11-20		f
1932	39	35	4	4	40509.00	2014-11-20		f
1936	39	78	1	4	4972.57	2014-11-20		f
1937	39	78	4	4	10288.00	2014-11-20		f
1938	39	70	1	4	11985.00	2014-11-20		f
1939	39	71	1	4	14925.00	2014-11-20		f
1940	39	39	1	4	9750.00	2014-11-20		f
1942	39	38	1	4	9900.00	2014-11-20		f
1945	39	41	1	4	9922.30	2014-11-20		f
1946	39	74	1	4	12450.00	2014-11-20		f
1947	39	77	1	4	4968.05	2014-11-20		f
128	6	44	2	3	215229.26	2012-05-21		f
129	6	34	2	3	3578.52	2012-05-21		f
130	6	1	2	3	70944.94	2012-05-21		f
131	6	11	2	3	6626.72	2012-05-21		f
1948	39	77	1	4	2286.16	2014-11-20	REFERENTE AO EXAMES CITOPATOLOGICO.	f
1949	39	39	10	9	4500.00	2014-11-20		f
1951	36	44	7	4	29649.78	2014-11-21	DIFERENÇA DE PAGAMENTO REFERENTE A COMPETÊNCIA  DE JULHO DE 2014. RECURSO PROVENIENTE DO TESOURO ESTADUAL	f
1952	37	44	7	4	26379.82	2014-11-21	DIFERENÇA DE PAGAMENTO REFERENTE A COMPETÊNCIA  DE AGOSTO DE 2014. RECURSO PROVENIENTE DO TESOURO ESTADUAL	f
1953	39	43	1	4	6195.96	2014-11-21		f
1148	28	34	1	9	4996.36	2013-12-23		f
1954	35	44	7	4	13070.91	2014-11-24	DIFERENÇA DE PAGAMENTO REFERENTE A COMPETÊNCIA  DE JUNHO DE 2014. RECURSO PROVENIENTE DO TESOURO ESTADUA	f
1163	28	54	1	9	10000.00	2013-12-23		f
1172	28	9	1	9	4000.78	2013-12-23		f
1205	29	14	1	9	3994.15	2014-01-30		f
1216	29	3	1	9	3486.10	2014-01-30		f
1227	29	76	1	9	3032.70	2014-01-30		f
1230	29	36	1	9	28841.40	2014-01-30		f
1233	29	51	1	9	192.00	2014-01-30		f
1257	29	70	1	4	4900.00	2014-02-03		f
1289	30	21	1	9	4997.45	2014-02-25		f
1307	30	26	1	9	9991.80	2014-02-25		f
1315	30	77	1	9	473.96	2014-02-25		f
1319	28	8	1	4	4170.04	2014-02-26	DIFERENÇA DE PAGAMENTO DA PRODUTIVIDADE DO LABORATÓRIO REGIONAL DE SAÚDE PÚBLICA-COMPETÊNCIA NOVEMBRO DE 2013	f
1320	30	35	1	4	13600.76	2014-02-26		f
1321	30	43	1	4	3413.19	2014-02-26		f
1322	30	63	1	4	4538.38	2014-02-26		f
1323	30	62	1	4	8013.46	2014-02-26		f
1324	30	78	1	4	2955.86	2014-02-26		f
1325	28	44	3	4	22297.58	2014-02-26	DIFERENÇA DE PRODUTIVIDADE DA COMPETENCIA NOVEMBRO/2013 .\nDO CENTRO DE NEFROLOGIA DE JUAZEIRO DO NORTE. (RECURSO ESTADUAL)	f
1326	30	17	1	4	3987.80	2014-02-28		f
1327	30	65	1	4	6248.94	2014-02-28	REFERENTE AO ATENDIMENTO REALIZADO NO HOSPITAL MUNICIPAL MARIA AMELIA BEZERRA,\nNA COMPETENCIA JANEIRO 2014.	f
1329	30	44	6	4	287315.36	2014-03-20		f
1330	31	20	1	9	3987.80	2014-03-26		f
1331	31	15	1	9	3994.15	2014-03-26		f
1334	31	17	1	9	3841.75	2014-03-26		f
1335	31	18	1	9	4984.75	2014-03-26		f
1338	31	67	1	9	4984.75	2014-03-26		f
1339	31	23	1	9	4857.75	2014-03-26		f
1340	31	73	1	9	3981.45	2014-03-26		f
1341	31	21	1	9	4997.45	2014-03-26		f
1342	31	22	1	9	5969.00	2014-03-26		f
1343	31	14	1	9	3994.15	2014-03-26		f
1344	31	9	1	9	2864.67	2014-03-26		f
1348	31	26	1	9	11966.97	2014-03-26		f
1349	31	6	1	9	6139.86	2014-03-26		f
1350	31	4	1	9	4440.05	2014-03-26		f
1351	31	64	1	9	6547.96	2014-03-26		f
1354	31	76	1	9	3625.27	2014-03-26		f
1355	31	8	1	9	44988.73	2014-03-26		f
1356	31	65	1	9	6043.94	2014-03-26	REFERENTE AO ATENDIMENTO REALIZADO NO HOSPITAL MUNICIPAL MARIA AMELIA BEZERRA,\nNA COMPETENCIA FEVEREIRO 2014.	f
1357	31	10	1	9	6884.57	2014-03-26		f
1359	31	3	1	9	3478.66	2014-03-26		f
1360	31	32	1	9	19920.33	2014-03-26		f
1365	31	13	1	9	4000.00	2014-03-26		f
1370	31	77	1	9	7628.91	2014-03-26		f
1371	31	39	1	9	9900.00	2014-03-27		f
1372	31	72	1	9	10000.00	2014-03-27		f
1373	31	38	1	9	9750.00	2014-03-27		f
1374	31	40	1	9	10000.00	2014-03-27		f
1375	31	54	1	9	9850.00	2014-03-27		f
1376	31	41	1	9	9672.20	2014-03-27		f
1377	31	71	1	9	11590.00	2014-03-27		f
1378	31	70	1	9	9545.00	2014-03-27		f
1379	31	36	1	9	28841.40	2014-03-27		f
1380	31	74	1	9	12300.00	2014-03-27		f
1381	31	33	1	9	33561.46	2014-03-27		f
1382	31	62	1	9	8517.13	2014-03-27		f
1383	31	35	1	9	6371.60	2014-03-27		f
1422	32	76	1	4	3953.87	2014-04-25		f
1385	31	63	1	9	1940.04	2014-03-27		f
1387	31	43	4	9	48225.00	2014-03-27		f
1388	31	35	4	9	16718.00	2014-03-27		f
1389	31	62	4	9	25077.00	2014-03-27		f
1390	31	80	1	9	3706.71	2014-03-27		f
1391	31	78	1	9	3786.72	2014-03-27		f
1392	29	44	3	4	32637.97	2014-03-31		f
1393	19	44	1	4	3799.40	2014-04-01		f
1395	19	44	6	4	287315.36	2014-04-01		f
1396	32	20	1	4	3333.75	2014-04-25		f
1397	32	15	1	4	3981.45	2014-04-25		f
1398	32	14	1	4	3987.80	2014-04-25		f
1399	32	16	1	4	3994.15	2014-04-25		f
1400	32	17	1	4	3994.15	2014-04-25		f
1401	32	18	1	4	3968.75	2014-04-25		f
1402	32	22	1	4	5981.70	2014-04-25		f
1403	32	67	1	4	4984.75	2014-04-25		f
1404	32	23	1	4	4127.50	2014-04-25		f
1405	32	73	1	4	3994.15	2014-04-25		f
1407	32	12	1	4	2520.95	2014-04-25		f
1408	32	9	1	4	12929.46	2014-04-25		f
1409	32	66	1	4	5376.56	2014-04-25		f
1410	32	10	1	4	6999.47	2014-04-25		f
1411	32	3	1	4	3499.71	2014-04-25		f
1412	32	26	1	4	11667.98	2014-04-25		f
1413	32	6	1	4	6056.10	2014-04-25		f
1414	32	4	1	4	4052.74	2014-04-25		f
1417	32	65	1	4	6101.23	2014-04-25	ATENDIMENTO REALIZADO NO HOSPITAL MUNICIPAL MARIA AMELIA	f
1418	32	69	1	4	4273.36	2014-04-25		f
1419	32	80	1	4	3784.82	2014-04-25		f
1424	32	43	1	4	3809.26	2014-04-25		f
1425	32	35	1	4	9510.14	2014-04-25		f
1426	32	35	4	4	34722.00	2014-04-25		f
1427	32	63	1	4	4162.02	2014-04-25		f
1428	32	62	1	4	9725.65	2014-04-25		f
1429	32	78	1	4	3812.08	2014-04-25		f
1430	32	65	1	4	29971.40	2014-04-25		f
1431	32	32	1	4	19999.26	2014-04-25		f
1432	32	31	1	4	605.00	2014-04-25		f
1433	32	33	1	4	24637.28	2014-04-25		f
1434	32	33	9	4	6165.00	2014-04-25		f
1435	32	28	1	4	3008.60	2014-04-25		f
1436	32	27	1	4	5750.00	2014-04-25		f
1438	32	1	1	4	97134.00	2014-04-25		f
1440	32	44	1	4	7152.95	2014-04-25		f
1442	32	13	1	4	4000.00	2014-04-25		f
1443	32	51	1	4	3201.14	2014-04-25		f
1444	32	39	1	4	10000.00	2014-04-25		f
1445	32	72	1	4	9900.00	2014-04-25		f
1447	32	38	10	4	4500.00	2014-04-25		f
1449	32	70	1	4	11125.00	2014-04-25		f
251	8	7	1	4	3576.00	2012-07-20		f
1155	28	26	1	9	9916.15	2013-12-23		f
1164	28	41	1	9	9893.60	2013-12-23		f
1173	28	9	1	9	11967.06	2013-12-23		f
1206	29	16	1	9	3968.75	2014-01-30		f
1217	29	26	1	9	9369.47	2014-01-30		f
1234	29	75	1	9	2807.88	2014-01-30		f
1308	30	6	1	9	4942.36	2014-02-25		f
1316	30	76	1	9	3345.11	2014-02-25		f
1328	30	1	1	4	97134.00	2014-02-28	A UNIDADE PRESTADORA REALIZOU O ATENDIMENTO PARA O FIM EM QUE CONTRATADA,\nSEGUE EM ANEXO A PRODUÇAO REALIZADA NA COMPETENCIA DE JANEIRO/2014, INFORMADA VIA RAAS\n	f
1337	31	22	1	9	5968.00	2014-03-26		f
1345	31	66	1	9	4721.57	2014-03-26		f
1352	31	65	1	9	29993.90	2014-03-26		f
1361	31	31	1	9	210.00	2014-03-26		f
1366	31	51	1	9	324.00	2014-03-26		f
1368	31	75	1	9	1276.04	2014-03-26		f
1406	32	21	1	4	4953.00	2014-04-25		f
1415	32	64	1	4	5558.63	2014-04-25		f
1423	32	8	1	4	44696.56	2014-04-25		f
1437	32	36	1	4	28841.40	2014-04-25		f
1439	32	34	1	4	4392.01	2014-04-25		f
1446	32	38	1	4	9925.00	2014-04-25		f
1448	32	40	1	4	10000.00	2014-04-25		f
1450	32	71	1	4	11770.00	2014-04-25		f
1573	34	13	1	4	4000.00	2014-06-24		f
1770	37	54	1	4	9450.00	2014-09-17		f
1826	38	20	1	4	3968.75	2014-10-17		f
1833	38	23	1	4	4298.95	2014-10-17		f
1836	38	12	1	4	3505.20	2014-10-17		f
1839	38	9	1	4	15154.83	2014-10-20		f
1845	38	4	1	4	4994.89	2014-10-20		f
1852	38	63	1	4	1293.36	2014-10-20		f
1858	38	75	1	4	2629.74	2014-10-20		f
1864	38	27	1	4	4390.00	2014-10-20		f
1883	38	72	10	4	4500.00	2014-10-20		f
1901	39	12	1	4	3397.25	2014-11-17		f
1934	39	62	1	4	8636.74	2014-11-20		f
1941	39	72	1	4	9900.00	2014-11-20		f
1943	39	40	1	4	9900.00	2014-11-20		f
1955	39	44	1	4	9765.54	2014-12-10		f
2058	41	72	1	4	9900.00	2015-01-22		f
406	10	7	1	4	9288.00	2012-10-01		f
1149	28	62	1	9	7044.22	2013-12-23		f
1156	28	6	1	9	4371.95	2013-12-23		f
1165	28	39	1	9	9800.00	2013-12-23		f
1207	29	18	1	9	3968.75	2014-01-30		f
1218	29	6	1	9	2936.50	2014-01-30		f
1317	30	8	1	9	44205.62	2014-02-25		f
1333	31	16	1	9	3994.15	2014-03-26		f
1353	31	69	1	9	4206.70	2014-03-26		f
1362	31	27	1	9	2750.00	2014-03-26		f
1369	31	9	1	9	14567.03	2014-03-26		f
1451	32	74	1	4	12000.00	2014-04-25		f
1452	32	41	1	4	9842.20	2014-04-25		f
1453	32	54	1	4	10000.00	2014-04-25		f
1454	32	77	1	4	4105.33	2014-04-28		f
1455	32	77	1	4	3408.00	2014-04-28		f
1456	31	77	1	4	4185.73	2014-04-28		f
1457	31	77	1	4	3443.18	2014-04-28		f
1589	33	44	3	9	49752.69	2014-06-25	DIFERENÇA DE PAGAMENTO REFERENTE A COMPETÊNCIA  DE ABRIL DE 2014. RECURSO PROVENIENTE DO TESOURO ESTADUAL.	f
1460	31	44	3	9	35770.82	2014-04-29	DIFERENÇA DE PAGAMENTO REFERENTE A COMPETÊNCIA  DE FEVEREIRO DE 2014	f
1462	30	44	3	9	61900.21	2014-04-29	DIFERENÇA DE PAGAMENTO REFERENTE A COMPETÊNCIA  DE JANEIRO DE 2014	f
1463	32	44	6	9	287315.36	2014-05-08		f
1464	32	44	7	9	7152.95	2014-05-08		f
1465	33	20	1	4	3968.75	2014-05-23		f
1466	33	15	1	4	3968.75	2014-05-23		f
1467	33	14	1	4	3981.45	2014-05-23		f
1468	33	16	1	4	3994.15	2014-05-23		f
1469	33	17	1	4	3987.80	2014-05-23		f
1470	33	18	1	4	3994.15	2014-05-23		f
1471	33	22	1	4	5969.00	2014-05-23		f
1472	33	67	1	4	4997.45	2014-05-23		f
1473	33	23	1	4	4552.95	2014-05-23		f
1474	33	73	1	4	3810.00	2014-05-23		f
1475	33	21	1	4	4953.00	2014-05-23		f
1476	33	12	1	4	2635.25	2014-05-23		f
1478	33	9	1	4	14031.48	2014-05-23		f
1479	33	66	1	4	5979.88	2014-05-23		f
1480	33	10	1	4	6709.70	2014-05-23		f
1482	33	26	1	4	11861.55	2014-05-23		f
1484	33	6	1	4	6230.33	2014-05-23		f
1485	33	4	1	4	4795.96	2014-05-23		f
1487	33	65	1	4	6249.22	2014-05-23	PRODUÇÃO REALIZADA NO HOSPITAL MARIA AMÉLIA NA COMPETÊNCIA DE ABRIL	f
1488	33	65	1	4	29957.71	2014-05-23		f
1493	33	43	1	4	3042.92	2014-05-23		f
1495	33	43	4	4	43724.00	2014-05-23		f
1500	33	62	4	4	16718.00	2014-05-23		f
1502	33	78	4	4	5144.00	2014-05-23		f
1505	33	31	1	4	1075.00	2014-05-23		f
1506	33	28	1	4	3392.40	2014-05-23		f
1510	33	34	1	4	5000.00	2014-05-23		f
1515	33	72	1	4	9900.00	2014-05-23		f
1516	33	38	1	4	9900.00	2014-05-23		f
1519	33	71	1	4	11875.00	2014-05-23		f
1521	33	74	1	4	12000.00	2014-05-23		f
1522	33	1	1	4	97134.00	2014-05-23	A UNIDADE PRESTADORA REALIZOU O ATENDIMENTO PARA O FIM EM QUE CONTRATADA,\nSEGUE EM ANEXO A PRODUÇAO REALIZADA NA COMPETENCIA DE ABRIL /2014, INFORMADA VIA RAAS .	f
1525	33	41	1	9	9823.00	2014-05-27		f
1526	33	77	1	9	3498.94	2014-05-28		f
1528	33	44	1	4	9467.95	2014-06-03		f
1530	33	77	1	4	2692.00	2014-06-23		f
1531	34	43	1	4	2637.16	2014-06-24		f
1535	34	35	1	4	11544.51	2014-06-24		f
1536	34	78	1	4	3789.98	2014-06-24		f
1537	34	20	1	4	2889.25	2014-06-24		f
1542	34	18	1	4	4032.25	2014-06-24		f
1543	34	22	1	4	5969.00	2014-06-24		f
1544	34	67	1	4	4997.45	2014-06-24		f
1545	34	23	1	4	4648.20	2014-06-24		f
1546	34	73	1	4	3651.25	2014-06-24		f
1547	34	21	1	4	4953.00	2014-06-24		f
1548	34	12	1	4	2381.25	2014-06-24		f
1549	34	9	1	4	14485.00	2014-06-24		f
1550	34	66	1	4	5402.05	2014-06-24		f
1551	34	10	1	4	6973.41	2014-06-24		f
1552	34	3	1	4	3484.15	2014-06-24		f
1553	34	26	1	4	11998.53	2014-06-24		f
1555	34	4	1	4	4301.81	2014-06-24		f
1559	34	65	1	4	29927.17	2014-06-24		f
1562	34	69	1	4	4344.15	2014-06-24		f
1564	34	65	1	4	6249.34	2014-06-24	ATENDIMENTO REALIZADO NO HOSPITAL INFANTIL MUNICIPAL MARIA AMELIA BEZERRA	f
1565	34	32	1	4	19993.70	2014-06-24		f
1574	34	51	1	4	228.00	2014-06-24		f
1577	34	33	9	9	5850.00	2014-06-24		f
1578	34	72	1	9	9900.00	2014-06-24		f
1579	34	39	1	9	9900.00	2014-06-24		f
1580	34	38	1	9	10000.00	2014-06-24		f
1581	34	40	1	9	10000.00	2014-06-24		f
1583	34	71	1	9	11950.00	2014-06-24		f
1585	34	74	1	9	12000.00	2014-06-24		f
1588	32	44	3	9	58745.33	2014-06-25	DIFERENÇA DE PAGAMENTO REFERENTE A COMPETÊNCIA  DE MARÇO DE 2014. RECURSO PROVENIENTE DO TESOURO ESTADUAL.	f
1600	35	18	1	4	3683.00	2014-07-24		f
1591	34	76	1	4	3980.81	2014-07-01		f
1592	34	44	6	4	314677.23	2014-07-16		f
1594	35	65	1	4	6248.72	2014-07-24	ATENDIMENTO REALIZADO NO HOSPITAL MUNICIPAL INFANTIL MARIA AMELIA BEZEERA	f
1595	35	20	1	4	2794.00	2014-07-24		f
1597	35	14	1	4	3968.75	2014-07-24		f
1599	35	17	1	4	3994.15	2014-07-24		f
1601	35	22	1	4	5969.00	2014-07-24		f
1603	35	23	1	4	4457.70	2014-07-24		f
1604	35	73	1	4	3994.15	2014-07-24		f
1606	35	9	1	4	13366.63	2014-07-24		f
1607	35	66	1	4	5234.86	2014-07-24		f
1609	35	3	1	4	3498.90	2014-07-24		f
1612	35	4	1	4	4326.54	2014-07-24		f
1615	35	69	1	4	4273.81	2014-07-24		f
1616	35	77	1	4	1843.31	2014-07-24		f
1618	35	76	1	4	3989.47	2014-07-24		f
1619	35	8	1	4	27511.90	2014-07-24		f
502	12	8	1	4	48205.05	2012-11-26		f
1150	28	62	4	9	12217.00	2013-12-23		f
1157	28	64	1	9	5077.33	2013-12-23		f
1166	28	40	1	9	10000.00	2013-12-23		f
1208	29	22	1	9	4984.75	2014-01-30		f
1219	29	4	1	9	3828.82	2014-01-30		f
1363	31	1	1	9	97134.00	2014-03-26	A UNIDADE PRESTADORA REALIZOU O ATENDIMENTO PARA O FIM EM QUE CONTRATADA,\nSEGUE EM ANEXO A PRODUÇAO REALIZADA NA COMPETENCIA DE FEVEREIRO/2014, INFORMADA VIA RAAS\n	f
1481	33	3	1	4	3495.61	2014-05-23		f
1486	33	64	1	4	6767.38	2014-05-23		f
1489	33	69	1	4	4374.01	2014-05-23		f
1496	33	35	1	4	10139.89	2014-05-23		f
1501	33	78	1	4	3518.86	2014-05-23		f
1503	33	32	1	4	19978.51	2014-05-23		f
1507	33	27	1	4	4440.00	2014-05-23		f
1511	33	13	1	4	4000.00	2014-05-23		f
1517	33	40	1	4	10000.00	2014-05-23		f
1520	33	70	1	4	11610.00	2014-05-23		f
1529	33	44	6	4	287315.36	2014-06-03		f
2007	40	78	4	4	8119.00	2014-12-22		f
2008	40	72	1	4	9900.00	2014-12-22		f
1538	34	15	1	4	3987.80	2014-06-24		f
1554	34	6	1	4	6248.14	2014-06-24		f
1556	34	64	1	4	6730.13	2014-06-24		f
1560	34	77	1	4	5401.75	2014-06-24		f
1563	34	8	1	4	41175.16	2014-06-24		f
1566	34	33	1	4	24958.12	2014-06-24		f
1575	34	75	1	4	3383.52	2014-06-24		f
1582	34	54	1	9	9900.00	2014-06-24		f
1584	34	70	1	9	11910.00	2014-06-24		f
1593	34	44	1	4	3525.82	2014-07-16		f
1598	35	16	1	4	3994.15	2014-07-24		f
1605	35	21	1	4	4953.00	2014-07-24		f
1610	35	26	1	4	11907.23	2014-07-24		f
1613	35	64	1	4	5461.63	2014-07-24		f
1617	35	77	1	4	1359.15	2014-07-24	CITOPATOLOGICO	f
1620	35	43	1	4	2393.56	2014-07-24		f
1827	38	14	1	4	3549.65	2014-10-17		f
1840	38	69	1	4	4374.43	2014-10-20		f
1846	38	6	1	4	6203.04	2014-10-20		f
1853	38	35	1	4	7320.52	2014-10-20		f
1859	38	32	1	4	14386.75	2014-10-20		f
1865	38	28	1	4	3255.25	2014-10-20		f
2013	40	71	1	4	14925.00	2014-12-22		f
1935	39	62	4	4	18647.00	2014-11-20		f
1944	39	54	1	4	9900.00	2014-11-20		f
1956	39	44	6	4	339682.07	2014-12-10		f
1957	40	9	1	4	16070.45	2014-12-19		f
1958	40	66	1	4	5658.01	2014-12-19		f
1959	40	10	1	4	6986.94	2014-12-19		f
1960	40	3	1	4	3485.59	2014-12-19		f
1961	40	26	1	4	11994.83	2014-12-19		f
1962	40	6	1	4	6212.09	2014-12-19		f
1963	40	64	1	4	6916.57	2014-12-19		f
1964	40	65	1	4	29924.53	2014-12-19		f
1965	40	65	1	4	6248.73	2014-12-19	ATENDIMENTO REALIZADO NO HOSPITAL INFANTIL MARIA AMELIA.	f
1966	40	69	1	4	4371.36	2014-12-19		f
1967	40	77	1	4	3164.38	2014-12-19		f
1968	40	77	1	4	4449.78	2014-12-19	RELACIONADO OAS EXAMES ANATOMO-PATOLOGICO	f
1969	40	76	1	4	3847.97	2014-12-19		f
1970	40	76	1	4	3847.97	2014-12-19		f
1972	40	20	1	4	3994.15	2014-12-19		f
1973	40	15	1	4	3981.45	2014-12-19		f
1974	40	14	1	4	3968.75	2014-12-19		f
1975	40	4	1	4	4318.91	2014-12-19		f
1976	40	16	1	4	3994.15	2014-12-19		f
1977	40	17	1	4	3994.15	2014-12-19		f
1978	40	18	1	4	4984.75	2014-12-19		f
1979	40	22	1	4	5983.95	2014-12-19		f
1980	40	67	1	4	4946.65	2014-12-19		f
1981	40	23	1	4	4984.75	2014-12-19		f
1982	40	73	1	4	3968.75	2014-12-19		f
1983	40	21	1	4	4984.75	2014-12-19		f
1984	40	12	1	4	3968.75	2014-12-19		f
1985	40	32	1	4	12187.92	2014-12-19		f
1986	40	33	1	4	32146.08	2014-12-19		f
1987	40	33	9	4	9675.00	2014-12-19		f
1988	40	31	1	4	530.00	2014-12-19		f
1989	40	28	1	4	2609.35	2014-12-19		f
1990	40	27	1	4	4330.00	2014-12-19		f
1991	40	36	1	4	28841.40	2014-12-19		f
1993	40	13	1	4	4000.00	2014-12-19		f
1995	40	75	1	4	3214.96	2014-12-19		f
1996	40	1	1	4	97134.00	2014-12-19	A UNIDADE PRESTADORA REALIZOU O ATENDIMENTO PARA O FIM EM QUE CONTRATADA,\nSEGUE EM ANEXO A PRODUÇAO REALIZADA NA COMPETENCIA DE NOVEMBRO/2014, INFORMADA VIA RAAS .	f
1997	40	63	1	4	1293.36	2014-12-19		f
1998	40	62	1	4	6004.34	2014-12-19		f
1999	40	78	1	4	2549.06	2014-12-19		f
2001	40	35	1	4	8917.02	2014-12-19		f
2002	40	8	1	4	35805.33	2014-12-19		f
2003	40	62	4	4	23791.00	2014-12-19		f
2004	40	35	1	4	7073.00	2014-12-19		f
2005	40	43	4	4	43081.00	2014-12-19		f
2016	40	41	1	4	9981.60	2014-12-22		f
2017	40	39	1	4	10000.00	2015-01-07		f
2018	40	44	1	4	3161.93	2015-01-13		f
2020	41	73	1	4	3968.75	2015-01-20		f
2024	41	16	1	4	3981.45	2015-01-20		f
2025	41	14	1	4	2698.75	2015-01-20		f
2026	41	15	1	4	2838.45	2015-01-20		f
2027	41	20	1	4	3962.40	2015-01-20		f
2028	41	23	1	4	4254.50	2015-01-20		f
2029	41	12	1	4	2190.75	2015-01-20		f
2030	41	21	1	4	4984.75	2015-01-20		f
2031	41	18	1	4	4984.75	2015-01-20		f
2032	41	9	1	4	14734.47	2015-01-21		f
2033	41	66	1	4	5198.49	2015-01-21		f
2036	41	6	1	4	6089.28	2015-01-21		f
2037	41	4	1	4	4030.25	2015-01-21		f
2041	41	69	1	4	4353.53	2015-01-21		f
2042	41	76	1	4	3020.22	2015-01-21		f
2045	41	32	1	4	10367.48	2015-01-21		f
2046	41	33	1	4	21330.88	2015-01-21		f
2050	41	78	1	4	2143.50	2015-01-22		f
2051	41	62	1	4	7460.62	2015-01-22		f
2054	41	77	1	4	3864.00	2015-01-22		f
1158	28	4	1	9	4329.76	2013-12-23		f
1167	28	35	1	9	7167.38	2013-12-23		f
1209	29	67	1	9	3994.15	2014-01-30		f
1220	29	64	1	9	5977.54	2014-01-30		f
1364	31	34	1	9	4999.58	2014-03-26		f
1490	33	80	1	4	2906.60	2014-05-23		f
1497	33	35	4	4	15432.00	2014-05-23		f
1504	33	33	1	4	24355.67	2014-05-23		f
1508	33	36	1	4	28841.40	2014-05-23		f
1512	33	51	1	4	204.00	2014-05-23		f
1518	33	54	1	4	9800.00	2014-05-23		f
1533	34	63	1	4	2147.46	2014-06-24		f
1539	34	14	1	4	3937.00	2014-06-24		f
1561	34	77	1	4	739.26	2014-06-24		f
1576	34	1	1	4	97134.00	2014-06-24	A UNIDADE PRESTADORA REALIZOU O ATENDIMENTO PARA O FIM EM QUE CONTRATADA,\nSEGUE EM ANEXO A PRODUÇAO REALIZADA NA COMPETENCIA DE MAIO /2014, INFORMADA VIA RAAS .	f
1611	35	6	1	4	6041.70	2014-07-24		f
1621	35	43	4	4	50154.00	2014-07-24		f
1622	35	35	1	4	8419.38	2014-07-24		f
1623	35	35	4	4	36008.00	2014-07-24		f
1625	35	62	1	4	6333.84	2014-07-24		f
1626	35	62	4	4	25720.00	2014-07-24		f
1627	35	78	1	4	3653.30	2014-07-24		f
1628	35	78	4	4	7073.00	2014-07-24		f
1630	35	32	1	4	19970.31	2014-07-24		f
1631	35	33	1	4	20829.19	2014-07-24		f
1632	35	33	9	4	4185.00	2014-07-24		f
1633	35	27	1	4	3410.00	2014-07-24		f
1634	35	36	1	4	28841.40	2014-07-24		f
1636	35	51	1	4	384.00	2014-07-28		f
1639	35	39	1	4	9850.00	2014-07-28		f
1640	35	72	1	4	9850.00	2014-07-28		f
1641	35	38	1	4	10000.00	2014-07-28		f
1642	35	40	1	4	9900.00	2014-07-28		f
1643	35	54	1	4	10000.00	2014-07-28		f
1647	35	12	1	4	1524.00	2014-07-28		f
1648	35	65	1	4	29854.66	2014-07-28		f
1649	35	67	1	9	4972.05	2014-07-28		f
1650	35	10	1	9	6042.91	2014-07-28		f
1651	35	15	1	9	3460.75	2014-07-28		f
1652	35	34	1	9	4999.67	2014-07-28		f
1698	36	35	1	4	5702.96	2014-08-19		f
1653	35	1	1	9	97134.00	2014-07-28	A UNIDADE PRESTADORA REALIZOU O ATENDIMENTO PARA O FIM EM QUE CONTRATADA,\nSEGUE EM ANEXO A PRODUÇAO REALIZADA NA COMPETENCIA DE JUNHO/2014, INFORMADA VIA RAAS .	f
1654	35	31	1	9	535.00	2014-07-28		f
1699	36	43	4	4	12860.00	2014-08-19		f
1656	34	44	7	9	45091.80	2014-08-04	DIFERENÇA DE PAGAMENTO REFERENTE A COMPETÊNCIA  DE MAIO DE 2014. RECURSO PROVENIENTE DO TESOURO ESTADUAL.	f
1658	35	44	1	4	7144.29	2014-08-04		f
1660	36	20	1	4	3035.30	2014-08-19		f
1661	36	15	1	4	3854.45	2014-08-19		f
1662	36	14	1	4	3994.15	2014-08-19		f
1663	36	16	1	4	3968.75	2014-08-19		f
1664	36	17	1	4	3987.80	2014-08-19		f
1665	36	18	1	4	4540.25	2014-08-19		f
1666	36	22	1	4	5937.25	2014-08-19		f
1667	36	67	1	4	4997.45	2014-08-19		f
1668	36	23	1	4	4978.40	2014-08-19		f
1669	36	73	1	4	3987.80	2014-08-19		f
1670	36	21	1	4	4991.10	2014-08-19		f
1671	36	12	1	4	3079.75	2014-08-19		f
1672	36	9	1	4	13521.79	2014-08-19		f
1673	36	66	1	4	5950.01	2014-08-19		f
1674	36	10	1	4	6991.16	2014-08-19		f
1675	36	3	1	4	3494.99	2014-08-19		f
1676	36	26	1	4	11964.66	2014-08-19		f
1677	36	6	1	4	6230.45	2014-08-19		f
1678	36	4	1	4	4363.96	2014-08-19		f
1679	36	64	1	4	6712.36	2014-08-19		f
1680	36	65	1	4	29920.23	2014-08-19		f
1681	36	65	1	4	6248.69	2014-08-19	ATENDIMENTO REALIZADO NO HOSPITAL MARIA AMELIA NA COMPETÊNCIA DE JULHO DE 2014.	f
1682	36	69	1	4	4316.30	2014-08-19		f
1683	36	76	1	4	3759.37	2014-08-19		f
1684	36	8	1	4	45971.85	2014-08-19		f
1685	36	51	1	4	420.00	2014-08-19		f
1686	36	13	1	4	4000.00	2014-08-19		f
1687	36	36	1	4	28841.40	2014-08-19		f
1688	36	27	1	4	5320.00	2014-08-19		f
1690	36	1	1	4	97134.00	2014-08-19	A UNIDADE PRESTADORA REALIZOU O ATENDIMENTO PARA O FIM EM QUE CONTRATADA,\nSEGUE EM ANEXO A PRODUÇAO REALIZADA NA COMPETENCIA DE JULHO/2014, INFORMADA VIA RAAS .	f
1691	36	75	1	4	3497.10	2014-08-19		f
1692	36	34	1	4	4998.35	2014-08-19		f
1693	36	70	1	4	11985.00	2014-08-19		f
1694	36	71	1	4	11835.00	2014-08-19		f
1695	36	63	1	4	1463.30	2014-08-19		f
1696	36	62	1	4	7771.75	2014-08-19		f
1697	36	35	4	4	20576.00	2014-08-19		f
1700	36	43	1	4	1296.14	2014-08-19		f
1701	36	78	1	4	3956.40	2014-08-19		f
1702	36	31	1	4	640.00	2014-08-19		f
1704	36	33	9	4	5355.00	2014-08-19		f
1705	36	32	1	4	13753.44	2014-08-19		f
1706	36	77	1	9	2808.20	2014-08-20		f
1710	36	40	1	9	9900.00	2014-08-21		f
1711	36	72	1	9	9925.00	2014-08-21		f
1714	36	39	1	9	10000.00	2014-08-21		f
1715	36	41	1	4	9982.20	2014-08-21		f
1716	36	44	1	4	10127.36	2014-09-01		f
1717	36	44	6	4	314677.23	2014-09-01		f
1718	36	74	1	9	11850.00	2014-09-02		f
1719	37	20	1	9	3435.35	2014-09-17		f
1720	37	15	1	9	3937.00	2014-09-17		f
1723	37	17	1	9	3968.75	2014-09-17		f
1725	37	22	1	9	5969.00	2014-09-17		f
1726	37	67	1	9	4984.75	2014-09-17		f
1728	37	73	1	9	3994.15	2014-09-17		f
1731	37	9	1	9	14364.62	2014-09-17		f
1733	37	10	1	9	6956.88	2014-09-17		f
1734	37	3	1	9	3498.81	2014-09-17		f
1735	37	26	1	9	11998.55	2014-09-17		f
1736	37	6	1	9	6249.65	2014-09-17		f
1737	37	4	1	9	4406.76	2014-09-17		f
1738	37	64	1	9	6738.93	2014-09-17		f
744	22	13	1	4	4000.00	2013-06-25		f
1159	28	65	1	9	24986.85	2013-12-23		f
1168	28	63	1	9	5100.26	2013-12-23		f
1210	29	23	1	9	3994.15	2014-01-30		f
1221	29	65	1	9	24926.70	2014-01-30		f
1491	33	76	1	4	3965.38	2014-05-23		f
1498	33	63	1	4	4901.92	2014-05-23		f
1509	33	33	9	4	6840.00	2014-05-23		f
1534	34	62	1	4	7667.54	2014-06-24		f
1540	34	16	1	4	3994.15	2014-06-24		f
1568	34	31	1	4	1290.00	2014-06-24		f
1624	35	63	1	4	3233.40	2014-07-24		f
1637	35	13	1	4	4000.00	2014-07-28		f
1644	35	70	1	4	11985.00	2014-07-28		f
1659	35	44	6	4	314677.23	2014-08-04		f
1703	36	33	1	4	24506.24	2014-08-19		f
1707	36	77	1	9	3206.20	2014-08-20		f
1712	36	38	1	9	9900.00	2014-08-21		f
1721	37	14	1	9	3994.15	2014-09-17		f
1724	37	18	1	9	4997.45	2014-09-17		f
1727	37	23	1	9	4946.65	2014-09-17		f
1729	37	21	1	9	4997.45	2014-09-17		f
1732	37	66	1	9	5706.07	2014-09-17		f
1739	37	65	1	9	29989.31	2014-09-17		f
1740	37	69	1	9	4315.70	2014-09-17		f
1828	38	17	1	4	3937.00	2014-10-17		f
1841	38	8	1	4	45998.34	2014-10-20		f
1847	38	26	1	4	11999.38	2014-10-20		f
1854	38	43	1	4	2238.46	2014-10-20		f
1860	38	51	1	4	420.00	2014-10-20		f
1992	40	34	1	4	4996.56	2014-12-19		f
1994	40	51	1	4	324.00	2014-12-19		f
2000	40	43	1	4	6551.30	2014-12-19		f
2009	40	40	1	4	9900.00	2014-12-22		f
2014	40	70	1	4	11985.00	2014-12-22		f
2019	40	44	6	4	347575.04	2015-01-13		f
2021	41	67	1	4	4984.75	2015-01-20		f
2034	41	3	1	4	3499.53	2015-01-21		f
2038	41	64	1	4	6078.74	2015-01-21		f
2043	41	8	1	4	1675.95	2015-01-21		f
2052	41	35	1	4	5601.16	2015-01-22		f
2055	41	71	1	4	14810.00	2015-01-22		f
2059	41	54	1	4	9400.00	2015-01-22		f
1160	28	76	1	9	3983.33	2013-12-23		f
1211	29	73	1	9	3987.80	2014-01-30		f
1222	29	69	1	9	3484.93	2014-01-30		f
1492	33	8	1	4	41043.18	2014-05-23		f
1499	33	62	1	4	6510.67	2014-05-23		f
1514	33	39	1	4	9850.00	2014-05-23		f
1541	34	17	1	4	3994.15	2014-06-24		f
1569	34	28	1	4	3411.10	2014-06-24		f
1638	35	75	1	4	2907.10	2014-07-28		f
1645	35	71	1	4	11720.00	2014-07-28		f
1708	36	28	1	9	2074.85	2014-08-20		f
1713	36	54	1	9	9900.00	2014-08-21		f
1722	37	16	1	9	3994.15	2014-09-17		f
1730	37	12	1	9	3143.25	2014-09-17		f
1741	37	76	1	9	3988.45	2014-09-17		f
1842	38	76	1	4	3998.75	2014-10-20		f
1848	38	3	1	4	3499.08	2014-10-20		f
1855	38	31	1	4	385.00	2014-10-20		f
1861	38	13	1	4	4000.00	2014-10-20		f
2010	40	38	1	4	9900.00	2014-12-22		f
2015	40	74	1	4	12000.00	2014-12-22		f
2022	41	17	1	4	3810.00	2015-01-20		f
2035	41	26	1	4	11980.86	2015-01-21		f
2039	41	65	1	4	29914.85	2015-01-21		f
2044	41	10	1	4	5471.08	2015-01-21		f
2053	41	43	1	4	6335.82	2015-01-22		f
2056	41	70	1	4	11985.00	2015-01-22		f
2060	41	38	1	4	9900.00	2015-01-22		f
2061	41	40	1	4	10000.00	2015-01-22		f
2062	41	67	1	4	4984.75	2015-01-22		f
2064	41	34	1	4	4998.32	2015-01-22		f
2065	41	27	1	4	3770.00	2015-01-22		f
2067	41	77	1	4	1721.59	2015-01-22	REFERENTE AOS EXAMES CITOPATOLOGICOS.	f
2069	41	74	1	4	11100.00	2015-01-22		f
2070	41	41	1	4	9919.90	2015-01-22		f
2071	41	33	9	4	7425.18	2015-01-22		f
2072	41	1	1	4	97134.00	2015-01-22	A UNIDADE PRESTADORA REALIZOU O ATENDIMENTO PARA O FIM EM QUE CONTRATADA,\nSEGUE EM ANEXO A PRODUÇAO REALIZADA NA COMPETENCIA DE DEZEMBRO/2014, INFORMADA VIA RAAS .	f
2073	41	44	1	9	6772.88	2015-02-03		f
2074	41	44	6	9	313020.12	2015-02-03		f
1212	29	21	1	9	4991.10	2014-01-30		f
1570	34	27	1	4	4480.00	2014-06-24		f
1646	35	74	1	4	10950.00	2014-07-28		f
1742	37	8	1	9	45997.26	2014-09-17		f
1743	37	1	1	4	97134.00	2014-09-17		f
1744	37	51	1	4	432.00	2014-09-17		f
1745	37	13	1	4	4000.00	2014-09-17		f
1746	37	36	1	4	28841.40	2014-09-17		f
1747	37	27	1	4	4820.00	2014-09-17		f
1750	37	28	1	4	3512.20	2014-09-17		f
1751	37	65	1	4	6247.73	2014-09-17	ATENDIMENTO REALIZADO NO HOSPITAL MARIA AMELIA NA COMPETÊNCIA DE AGOSTO DE 2014.	f
1753	37	62	4	4	20576.00	2014-09-17		f
1755	37	78	1	4	3432.90	2014-09-17		f
1758	37	35	1	4	9872.46	2014-09-17		f
1759	37	43	1	4	3621.01	2014-09-17		f
1760	37	43	4	4	40509.00	2014-09-17		f
1761	37	62	1	4	9103.27	2014-09-17		f
1762	37	34	1	4	4997.60	2014-09-17		f
1766	37	33	9	4	7020.00	2014-09-17		f
1767	37	38	1	4	9900.00	2014-09-17		f
1771	37	39	1	4	9900.00	2014-09-17		f
1774	37	71	1	4	11950.00	2014-09-17		f
1775	37	74	1	4	10050.00	2014-09-18		f
1776	37	77	1	9	2760.12	2014-09-19		f
1778	37	78	4	9	3858.00	2014-09-19		f
1779	37	33	1	4	30137.11	2014-09-25		f
1780	37	44	6	9	314677.23	2014-10-06		f
1781	37	44	1	9	3820.25	2014-10-06		f
12	2	19	1	4	3994.15	2012-03-29		f
13	2	24	1	4	3759.20	2012-03-29		f
14	2	22	1	4	3994.15	2012-03-29		f
15	2	17	1	4	3302.00	2012-03-29		f
16	2	12	1	4	2527.30	2012-03-29		f
17	2	21	1	4	3994.15	2012-03-29		f
18	2	9	1	4	16549.21	2012-03-29		f
19	2	10	1	4	7612.82	2012-03-29		f
20	2	3	1	4	3498.23	2012-03-29		f
21	2	26	1	4	7499.50	2012-03-29		f
22	2	8	1	4	52640.62	2012-03-29		f
23	2	6	1	4	7224.50	2012-03-29		f
24	2	5	1	4	47408.91	2012-03-29		f
25	2	25	1	4	8122.85	2012-03-29		f
26	2	11	1	4	2436.88	2012-03-29		f
27	2	7	1	4	2256.00	2012-03-29		f
28	2	32	1	4	16611.17	2012-03-29		f
29	2	31	1	4	490.00	2012-03-29		f
30	2	47	1	4	2040.00	2012-03-29		f
32	2	35	1	4	3021.30	2012-03-29		f
33	2	37	1	4	24085.75	2012-03-29		f
34	2	36	1	4	28978.74	2012-03-29		f
35	2	45	1	4	4041.24	2012-03-29		f
38	2	34	1	4	3018.18	2012-03-29		f
40	2	44	6	4	189959.53	2012-03-29		f
41	2	30	1	4	2633.20	2012-03-29		f
42	2	13	1	4	2936.00	2012-03-29		f
43	2	4	1	4	6659.62	2012-03-29		f
44	2	42	1	4	8760.90	2012-03-29		f
45	2	28	1	4	2150.20	2012-03-29		f
46	2	39	1	4	16725.00	2012-03-29		f
47	2	40	1	4	16625.00	2012-03-29		f
48	2	38	1	4	16725.00	2012-03-29		f
50	2	49	1	3	16710.00	2012-03-30		f
51	1	49	1	3	10600.00	2012-03-30		f
52	2	33	1	4	11743.00	2012-03-30		f
54	2	50	1	4	14916.00	2012-04-02		f
57	2	44	1	4	2186.37	2012-04-02		f
58	15	44	7	4	17590.29	2012-04-03		f
6	6	18	1	4	3917.95	2012-03-29		f
60	2	44	6	3	176731.65	2012-04-19		f
62	5	37	8	3	28719.98	2012-04-19		f
65	5	35	4	3	34722.00	2012-04-19		f
66	2	37	8	3	170288.55	2012-04-19		f
67	2	37	8	3	42623.54	2012-04-19		f
68	2	37	4	3	14146.00	2012-04-19		f
69	5	27	1	4	1850.00	2012-04-24		f
70	5	19	1	4	3994.15	2012-04-24		f
71	5	11	1	4	4276.16	2012-04-24		f
72	5	15	1	4	5676.90	2012-04-24		f
73	5	42	1	4	10413.90	2012-04-24		f
74	5	7	1	4	2208.00	2012-04-24		f
75	5	28	1	4	3527.65	2012-04-24		f
76	5	22	1	4	3994.15	2012-04-24		f
77	5	21	1	4	3930.65	2012-04-24		f
78	5	9	1	4	18246.84	2012-04-24		f
110	5	25	1	4	9998.83	2012-04-24		f
80	5	30	1	4	2814.80	2012-04-24	\t	f
81	5	37	3	4	78933.04	2012-04-24	\t\t\t	f
82	5	4	1	4	6182.53	2012-04-24		f
83	5	3	1	4	3497.72	2012-04-24		f
84	5	8	1	4	54708.18	2012-04-24		f
85	5	6	1	4	6805.17	2012-04-24		f
86	5	26	1	4	7499.29	2012-04-24		f
87	5	34	1	4	3109.77	2012-04-24		f
88	5	20	1	4	3994.15	2012-04-24		f
113	5	1	1	4	70395.25	2012-04-24		f
90	5	13	1	4	4000.00	2012-04-24		f
1093	27	10	1	4	6564.30	2013-11-25		f
1094	27	26	1	4	9918.43	2013-11-25		f
1095	27	43	1	4	2900.34	2013-11-25		f
1096	27	35	1	4	9811.20	2013-11-25		f
1097	27	63	1	4	9192.12	2013-11-25		f
1098	27	62	1	4	8919.68	2013-11-25		f
91	5	18	1	4	3994.15	2012-04-24		f
92	5	14	1	4	5689.60	2012-04-24		f
93	5	36	1	4	28520.94	2012-04-24		f
94	5	32	1	4	16648.26	2012-04-24		f
95	5	17	1	4	3994.15	2012-04-24		f
96	5	5	1	4	47498.32	2012-04-24		f
97	5	12	1	4	2743.20	2012-04-24		f
98	5	31	1	4	776.44	2012-04-24		f
99	5	31	1	4	9998.63	2012-04-24		f
100	5	16	1	4	3994.15	2012-04-24		f
101	5	10	1	4	11480.81	2012-04-24		f
102	5	44	6	4	226541.34	2012-04-24		f
103	5	33	1	4	19295.10	2012-04-24		f
104	5	39	1	4	16725.00	2012-04-24		f
105	5	41	1	4	15000.00	2012-04-24		f
106	5	38	1	4	16725.00	2012-04-24		f
107	5	40	1	4	16725.00	2012-04-24		f
108	5	48	1	4	16550.00	2012-04-24		f
109	5	35	1	4	2866.20	2012-04-24		f
112	5	43	4	4	46296.00	2012-04-24		f
114	1	1	7	4	1208.45	2012-04-24		f
115	2	1	1	4	67062.70	2012-04-24		f
116	5	29	1	4	14916.00	2012-04-25		f
117	2	45	2	3	4358.20	2012-04-30		f
118	5	45	2	3	4358.20	2012-04-30		f
120	5	49	2	3	24900.00	2012-05-08		f
121	5	24	2	3	1524.00	2012-05-09		f
122	6	43	2	3	36651.00	2012-05-21		f
123	6	13	2	3	3960.10	2012-05-21		f
124	6	27	2	3	3990.00	2012-05-21		f
125	6	35	2	3	38840.30	2012-05-21		f
126	6	30	2	3	2905.60	2012-05-21		f
127	6	28	2	3	2049.10	2012-05-21		f
59	2	13	2	3	4000.00	2012-04-04		f
53	2	25	2	3	8212.85	2012-03-30		f
132	6	31	2	3	875.00	2012-05-21		f
133	6	45	2	3	4179.91	2012-05-21		f
134	6	36	2	3	28826.14	2012-05-21		f
135	6	37	2	3	19292.17	2012-05-21		f
136	6	47	2	3	1080.00	2012-05-21		f
137	6	42	2	3	7052.80	2012-05-21		f
138	6	33	2	3	19261.50	2012-05-21		f
139	6	32	2	3	17170.14	2012-05-21		f
140	6	7	2	3	5112.00	2012-05-21		f
141	6	6	2	3	6372.06	2012-05-21		f
142	6	4	2	3	5601.05	2012-05-21		f
143	6	9	2	3	18102.24	2012-05-21		f
144	6	3	2	3	3498.42	2012-05-21		f
145	6	25	2	3	9610.40	2012-05-21		f
146	6	8	2	3	51271.96	2012-05-21		f
147	6	10	2	3	1144198.00	2012-05-21		f
219	7	8	1	4	49294.33	2012-06-27		f
220	7	6	1	4	7483.54	2012-06-27		f
148	6	5	2	3	47498.58	2012-05-21		f
149	6	26	2	3	7496.71	2012-05-21		f
150	6	18	2	3	3994.15	2012-05-21		f
151	6	16	2	3	3994.15	2012-05-21		f
152	6	19	2	3	3994.15	2012-05-21		f
153	6	15	2	3	5797.55	2012-05-21		f
154	6	12	2	3	3854.45	2012-05-21		f
155	6	21	2	3	3994.15	2012-05-21		f
156	6	20	2	3	3994.15	2012-05-21		f
157	6	14	2	3	5797.55	2012-05-21		f
158	6	24	2	3	3460.75	2012-05-21		f
159	6	22	2	3	3994.15	2012-05-21		f
160	6	17	2	3	3994.15	2012-05-21		f
161	6	44	2	3	248245.42	2012-05-22		f
162	2	33	2	3	20970.20	2012-05-23		f
163	5	33	2	3	20970.20	2012-05-23		f
165	5	33	2	3	13950.00	2012-06-01		f
166	2	41	1	4	14977.40	2012-06-04		f
221	7	4	1	4	6784.90	2012-06-27		f
222	7	10	1	4	11289.49	2012-06-27		f
223	7	26	1	4	7499.48	2012-06-27		f
224	7	3	1	4	3498.51	2012-06-27		f
167	5	51	7	4	6000.00	2012-06-04		f
168	5	47	1	4	2640.00	2012-06-05		f
169	6	38	1	4	16800.00	2012-06-06		f
170	6	40	1	4	16800.00	2012-06-06		f
171	6	39	1	4	16725.00	2012-06-06		f
172	6	48	1	4	16725.00	2012-06-06		f
173	6	49	1	4	16000.00	2012-06-12		f
174	7	51	7	4	3800.00	2012-06-20		f
175	6	50	2	3	11916.00	2012-06-20		f
176	7	50	2	3	15916.00	2012-06-20		f
178	7	40	1	4	17425.00	2012-06-21		f
179	7	39	1	4	17075.00	2012-06-21		f
180	7	38	1	4	17475.00	2012-06-21		f
181	7	54	2	3	17425.00	2012-06-21		f
182	7	44	2	3	243573.39	2012-06-25		f
225	7	9	1	4	17269.37	2012-06-27		f
184	7	44	2	3	198655.56	2012-06-25		f
186	7	13	1	4	4000.00	2012-06-27		f
187	7	21	1	4	3994.15	2012-06-27		f
188	7	31	1	4	805.00	2012-06-27		f
189	7	30	1	4	3559.60	2012-06-27		f
190	7	28	1	4	2619.65	2012-06-27		f
191	7	36	1	4	28826.14	2012-06-27		f
192	7	47	1	4	1920.00	2012-06-27		f
226	7	37	4	4	80375.00	2012-07-02		f
195	7	35	1	4	6931.57	2012-06-27		f
196	7	7	1	4	2472.00	2012-06-27		f
197	7	42	1	4	10524.10	2012-06-27		f
198	7	27	1	4	3260.00	2012-06-27		f
227	7	37	1	4	11745.09	2012-07-02		f
202	7	1	1	4	71158.55	2012-06-27		f
203	7	45	1	4	4140.29	2012-06-27		f
204	7	11	1	4	6055.68	2012-06-27		f
205	7	44	1	4	243573.39	2012-06-27		f
206	7	17	1	4	3994.15	2012-06-27		f
207	7	12	1	4	3429.00	2012-06-27		f
208	7	22	1	4	3994.15	2012-06-27		f
209	7	18	1	4	3994.15	2012-06-27		f
210	7	24	1	4	3994.15	2012-06-27		f
211	7	32	1	4	16620.02	2012-06-27		f
212	7	16	1	4	3994.15	2012-06-27		f
213	7	14	1	4	5594.35	2012-06-27		f
214	7	15	1	4	5797.55	2012-06-27		f
215	7	20	1	4	3994.15	2012-06-27		f
216	7	19	1	4	3994.15	2012-06-27		f
217	7	5	1	4	47492.08	2012-06-27		f
218	7	25	1	4	10502.92	2012-06-27		f
228	7	37	8	4	10316.47	2012-07-02		f
234	7	56	7	4	10868.00	2012-07-11		f
235	8	50	1	4	13916.00	2012-07-20		f
229	7	34	1	4	3096.85	2012-07-03		f
230	7	43	7	4	580.00	2012-07-03		f
231	7	56	2	3	29842.00	2012-07-09		f
232	7	33	1	3	21827.40	2012-07-09		f
233	2	48	1	3	16550.00	2012-07-09		f
238	8	33	1	4	20464.60	2012-07-20		f
241	8	32	1	4	18043.76	2012-07-20		f
242	8	37	1	4	14160.17	2012-07-20		f
243	8	37	8	4	33882.52	2012-07-20		f
244	8	37	4	4	38580.00	2012-07-20		f
245	8	27	1	4	2890.00	2012-07-20		f
247	8	34	1	4	3561.34	2012-07-20		f
248	8	1	1	4	72585.65	2012-07-20		f
249	8	11	1	4	6640.00	2012-07-20		f
250	8	42	1	4	7163.00	2012-07-20		f
252	8	30	1	4	3359.60	2012-07-20		f
253	8	28	1	4	2201.70	2012-07-20		f
255	8	36	1	4	28826.14	2012-07-20		f
256	8	47	1	4	2160.00	2012-07-20		f
257	8	35	1	4	6297.81	2012-07-20		f
258	8	31	1	4	1015.00	2012-07-20		f
259	8	20	1	4	3994.15	2012-07-20		f
260	8	19	1	4	3994.15	2012-07-20		f
261	8	16	1	4	3994.15	2012-07-20		f
262	8	14	1	4	5797.55	2012-07-20		f
263	8	15	1	4	5797.55	2012-07-20		f
264	8	24	1	4	3778.25	2012-07-20		f
265	8	18	1	4	3994.15	2012-07-20		f
267	8	17	1	4	3994.15	2012-07-20		f
269	8	12	1	4	3994.15	2012-07-20		f
271	8	9	1	4	15844.85	2012-07-20		f
272	8	3	1	4	3499.23	2012-07-20		f
273	8	26	1	4	7465.39	2012-07-20		f
274	8	10	1	4	11347.42	2012-07-20		f
275	8	4	1	4	6375.31	2012-07-20		f
276	8	6	1	4	7011.98	2012-07-20		f
277	8	8	1	4	37164.43	2012-07-20		f
278	8	25	1	4	10998.47	2012-07-20		f
279	8	5	1	4	47480.73	2012-07-20		f
280	8	40	1	4	17500.00	2012-07-20		f
281	8	38	1	4	17450.00	2012-07-20		f
282	8	54	1	4	17500.00	2012-07-20		f
283	8	39	1	4	17500.00	2012-07-20		f
284	8	48	1	4	17450.00	2012-07-20		f
285	8	22	1	4	3994.15	2012-07-20		f
286	8	45	1	4	4179.91	2012-07-20		f
348	9	40	1	4	17450.00	2012-08-22		f
287	8	13	1	4	4000.00	2012-07-20		f
288	8	49	1	4	15400.00	2012-07-23		f
289	8	21	1	4	3994.15	2012-07-24		f
349	9	38	1	4	17500.00	2012-08-22		f
291	8	43	4	4	45653.00	2012-07-25		f
294	1	43	4	4	18647.00	2012-07-25		f
295	1	35	4	4	28935.00	2012-07-25		f
350	9	54	1	4	17450.00	2012-08-22		f
298	5	37	4	4	68801.00	2012-07-25		f
299	7	51	4	3	24160.00	2012-07-25		f
300	8	51	4	3	33996.00	2012-07-25		f
301	8	50	2	3	13916.00	2012-07-30		f
302	2	43	4	4	9002.00	2012-07-31		f
303	7	43	4	4	32150.00	2012-07-31		f
304	8	56	2	3	18720.00	2012-08-08		f
305	8	56	1	3	37530.00	2012-08-08		f
306	7	41	2	3	19826.25	2012-08-09		f
307	9	13	1	4	4000.00	2012-08-22		f
309	9	21	1	4	3994.15	2012-08-22		f
310	9	17	1	4	3994.15	2012-08-22		f
311	9	12	1	4	3994.15	2012-08-22		f
312	9	22	1	4	3994.15	2012-08-22		f
313	9	31	1	4	455.00	2012-08-22		f
314	9	5	1	4	47463.34	2012-08-22		f
316	9	28	1	4	3149.00	2012-08-22		f
361	9	37	1	4	13174.87	2012-08-30		f
319	9	30	1	4	3359.60	2012-08-22		f
320	9	18	1	4	3994.15	2012-08-22		f
322	9	47	1	4	1560.00	2012-08-22		f
324	9	24	1	4	3994.15	2012-08-22		f
325	9	7	1	4	5472.00	2012-08-22		f
326	9	32	1	4	17551.19	2012-08-22		f
327	9	16	1	4	3994.15	2012-08-22		f
328	9	14	1	4	5795.55	2012-08-22		f
329	9	27	1	4	1880.00	2012-08-22		f
330	9	15	1	4	5829.30	2012-08-22		f
331	9	34	1	4	1907.29	2012-08-22		f
332	9	1	1	4	72334.12	2012-08-22		f
333	9	45	1	4	4378.01	2012-08-22		f
335	9	11	1	4	5803.36	2012-08-22		f
336	9	20	1	4	3994.15	2012-08-22		f
337	9	19	1	4	3994.15	2012-08-22		f
338	9	3	1	4	3499.41	2012-08-22		f
339	9	9	1	4	17046.33	2012-08-22		f
340	9	10	1	4	10170.70	2012-08-22		f
341	9	26	1	4	7498.65	2012-08-22		f
342	9	4	1	4	6791.70	2012-08-22		f
343	9	6	1	4	6841.88	2012-08-22		f
351	9	44	6	4	233263.51	2012-08-23		f
344	9	8	1	4	49395.13	2012-08-22		f
345	9	25	1	4	10959.94	2012-08-22		f
346	9	48	1	4	17450.00	2012-08-22		f
347	9	39	1	4	17400.00	2012-08-22		f
362	9	37	4	4	12860.00	2012-08-30		f
352	9	36	1	4	28826.14	2012-08-24		f
353	8	44	6	4	242656.91	2012-08-24		f
366	8	35	1	4	5465.48	2012-08-30		f
354	9	33	1	4	23402.50	2012-08-24		f
355	9	56	1	4	37404.00	2012-08-30		f
356	9	56	7	4	17836.00	2012-08-30		f
357	9	49	1	4	15000.00	2012-08-30		f
358	7	49	1	4	15000.00	2012-08-30		f
360	9	37	8	4	7059.12	2012-08-30		f
367	8	35	4	4	34079.00	2012-08-30		f
363	9	51	7	4	6000.00	2012-08-30		f
364	9	43	1	4	570.00	2012-08-30		f
365	9	43	4	4	36651.00	2012-08-30		f
368	9	51	4	4	16000.00	2012-09-03		f
370	9	50	1	4	11916.00	2012-09-03		f
372	9	42	1	4	6832.40	2012-09-05		f
373	9	57	1	4	3660.00	2012-09-18	referente a competencia de julho, agosto e setembro	f
374	2	27	1	4	2120.00	2012-09-20		f
375	11	27	7	4	13170.00	2012-09-20	REFERENTE AS COMPETENCIAS DE ABRIL, MAIO, JUNHO, JULHO, SETEMBRO, E OUTUBRO 2011	f
376	10	44	6	4	233263.51	2012-09-20		f
377	10	56	1	4	41212.00	2012-10-01		f
378	10	56	7	4	24908.00	2012-10-01		f
379	10	13	1	4	4000.00	2012-10-01		f
380	10	33	1	4	27090.60	2012-10-01		f
381	10	9	1	4	17994.03	2012-10-01		f
382	10	3	1	4	3499.75	2012-10-01		f
383	10	26	1	4	7498.68	2012-10-01		f
384	10	6	1	4	6877.05	2012-10-01		f
385	10	4	1	4	6255.44	2012-10-01		f
386	10	8	1	4	47776.32	2012-10-01		f
387	10	25	1	4	10390.50	2012-10-01		f
388	10	5	1	4	47439.49	2012-10-01		f
390	10	19	1	4	3994.15	2012-10-01		f
392	10	10	1	4	11998.68	2012-10-01		f
393	10	20	1	4	3994.15	2012-10-01		f
394	10	43	1	4	26363.00	2012-10-01		f
395	10	32	1	4	18380.36	2012-10-01		f
396	10	25	1	4	10390.50	2012-10-01		f
397	10	16	1	4	3994.15	2012-10-01		f
398	10	14	1	4	3994.15	2012-10-01		f
399	10	11	1	4	5258.88	2012-10-01		f
400	10	15	1	4	5797.55	2012-10-01		f
401	10	34	1	4	3432.81	2012-10-01		f
402	10	1	1	4	76754.32	2012-10-01		f
403	10	45	1	4	3942.19	2012-10-01		f
404	10	42	1	4	10744.50	2012-10-01		f
405	10	24	1	4	3467.10	2012-10-01		f
407	10	30	1	4	2996.40	2012-10-01		f
408	10	28	1	4	2484.40	2012-10-01		f
409	10	18	1	4	3994.15	2012-10-01		f
410	10	36	1	4	28826.14	2012-10-01		f
411	10	47	1	4	2040.00	2012-10-01		f
412	10	35	1	4	7005.95	2012-10-01		f
413	10	21	1	4	5562.60	2012-10-01		f
414	10	17	1	4	3994.15	2012-10-01		f
415	10	12	1	4	4254.50	2012-10-01		f
478	11	31	1	4	455.00	2012-11-08		f
417	10	37	4	4	82109.24	2012-10-01		f
418	10	31	1	4	805.00	2012-10-01		f
419	10	22	1	4	3994.15	2012-10-01		f
420	10	51	2	3	3200.00	2012-10-02		f
422	10	58	1	4	4885.72	2012-10-04		f
423	8	41	1	4	34078.55	2012-10-04		f
424	10	49	1	4	16100.00	2012-10-04		f
479	10	48	1	4	17500.00	2012-11-20		f
425	10	51	2	4	33700.00	2012-10-05		f
426	10	59	2	4	960.00	2012-10-09		f
427	10	50	1	4	13916.00	2012-10-18		f
428	11	9	1	4	20571.89	2012-10-25		f
429	11	58	1	4	4867.17	2012-10-25		f
430	11	20	1	4	3994.15	2012-10-25		f
431	11	19	1	4	3994.15	2012-10-25		f
432	11	11	1	4	4389.04	2012-10-25		f
433	11	3	1	4	3994.55	2012-10-25		f
434	11	15	1	4	5797.55	2012-10-25		f
435	11	14	1	4	3994.15	2012-10-25		f
436	11	32	1	4	16906.07	2012-10-25		f
437	11	12	1	4	5549.90	2012-10-25		f
438	11	17	1	4	3994.15	2012-10-25		f
439	11	21	1	4	4908.55	2012-10-25		f
440	11	22	1	4	3994.15	2012-10-25		f
442	11	5	1	4	47498.27	2012-10-25		f
443	11	13	1	4	4000.00	2012-10-25		f
444	11	30	1	4	3178.00	2012-10-25		f
445	11	42	1	4	10138.40	2012-10-25		f
446	11	28	1	4	996.95	2012-10-25		f
447	11	18	1	4	3994.15	2012-10-25		f
448	11	36	1	4	28826.14	2012-10-25		f
449	11	47	1	4	364.00	2012-10-25		f
451	11	35	4	4	31335.24	2012-10-25		f
452	11	25	1	4	6932.68	2012-10-25		f
454	11	24	1	4	2730.50	2012-10-25		f
455	11	6	1	4	5595.89	2012-10-25		f
456	11	10	1	4	11893.91	2012-10-25		f
457	11	26	1	4	7497.69	2012-10-25		f
480	10	54	1	4	17500.00	2012-11-20		f
459	11	16	1	4	3994.15	2012-10-25		f
460	11	33	1	4	21417.90	2012-10-25		f
461	11	8	1	4	50455.91	2012-10-25		f
462	11	26	2	4	7497.69	2012-10-25		f
463	11	49	2	4	15000.00	2012-10-25		f
464	11	34	2	3	2527.05	2012-10-26		f
465	11	45	2	3	4021.13	2012-10-26		f
466	11	43	2	3	630.00	2012-10-26		f
481	10	38	1	4	17500.00	2012-11-20		f
467	11	37	1	3	21428.77	2012-10-26		f
482	10	40	1	4	17500.00	2012-11-20		f
468	11	37	4	3	36651.00	2012-10-26		f
469	11	37	1	3	5556.51	2012-10-26		f
470	11	37	8	3	15872.26	2012-10-26		f
471	11	37	8	3	15872.26	2012-10-26		f
472	11	56	2	3	8190.00	2012-10-26		f
473	11	56	7	3	9360.00	2012-10-26		f
474	11	45	2	3	4021.43	2012-10-26		f
475	11	44	6	4	233263.51	2012-10-29		f
476	11	1	2	3	77087.79	2012-10-30		f
477	11	4	2	3	5907.21	2012-11-05		f
483	10	39	1	4	17500.00	2012-11-20		f
484	11	29	1	4	13316.00	2012-11-22		f
485	12	44	6	4	233263.51	2012-11-23		f
486	12	57	1	4	3000.00	2012-11-26		f
487	12	33	1	4	14566.10	2012-11-26		f
488	12	49	1	4	15000.00	2012-11-26		f
489	12	21	1	4	5016.50	2012-11-26		f
490	12	17	1	4	2984.50	2012-11-26		f
491	12	12	1	4	5207.00	2012-11-26		f
492	12	37	1	4	2557.52	2012-11-26		f
493	12	22	1	4	2425.70	2012-11-26		f
494	12	31	1	4	560.00	2012-11-26		f
495	12	5	1	4	24998.35	2012-11-26		f
496	12	30	1	4	2814.80	2012-11-26		f
497	12	36	1	4	28826.14	2012-11-26		f
498	12	18	1	4	2933.70	2012-11-26		f
499	12	7	1	4	3408.00	2012-11-26		f
500	12	25	1	4	6166.18	2012-11-26		f
503	12	24	1	4	1727.20	2012-11-26		f
504	12	6	1	4	4982.66	2012-11-26		f
505	12	4	1	4	3781.14	2012-11-26		f
506	12	42	1	4	9201.70	2012-11-26		f
507	12	10	1	4	8463.35	2012-11-26		f
508	12	26	1	4	4983.07	2012-11-26		f
509	12	16	1	4	2978.15	2012-11-26		f
510	12	14	1	4	2965.45	2012-11-26		f
511	12	27	1	4	900.00	2012-11-26		f
512	12	43	4	4	102880.00	2012-11-26		f
513	12	15	1	4	5727.70	2012-11-26		f
514	12	34	1	4	2583.82	2012-11-26		f
515	12	1	1	4	80941.51	2012-11-26		f
516	12	45	1	4	4298.77	2012-11-26		f
517	12	11	1	4	4794.08	2012-11-26		f
518	12	3	1	4	3490.73	2012-11-26		f
519	12	9	1	4	9685.21	2012-11-26		f
520	12	58	1	4	4146.02	2012-11-26		f
521	12	20	1	4	3994.15	2012-11-26		f
522	12	19	1	4	2997.20	2012-11-26		f
523	12	13	1	4	4000.00	2012-11-26		f
526	12	56	7	4	17368.00	2012-11-26		f
528	12	32	1	4	11773.40	2012-11-28		f
529	12	56	1	4	37152.00	2012-11-29		f
602	14	59	1	4	110.00	2013-01-29		f
531	12	59	7	4	330.00	2012-11-29		f
532	12	59	1	4	320.00	2012-11-29		f
533	11	59	1	4	370.00	2012-11-29		f
534	8	59	1	4	240.00	2012-11-29		f
535	12	43	1	4	740.00	2012-11-29		f
536	12	29	1	4	14116.00	2012-12-03		f
537	13	42	2	3	7383.40	2012-12-04		f
603	14	13	1	4	900.00	2013-01-29		f
538	12	35	1	4	4180.40	2013-01-09		f
539	13	33	2	3	5715.00	2013-01-09		f
540	13	7	2	3	2928.00	2013-01-09		f
541	13	34	2	3	2478.72	2013-01-09		f
542	13	45	2	3	4496.87	2013-01-09		f
543	13	49	2	3	3900.00	2013-01-09		f
544	13	1	2	3	79950.04	2013-01-09		f
545	13	11	2	3	3426.24	2013-01-09		f
546	13	9	2	3	4123.44	2013-01-09		f
547	13	16	1	4	2838.45	2013-01-10		f
548	13	5	1	4	24998.36	2013-01-10		f
549	13	26	1	4	4531.49	2013-01-10		f
551	13	8	1	4	48042.68	2013-01-10		f
604	14	35	1	4	1361.54	2013-01-29		f
553	13	25	1	4	5127.88	2013-01-10		f
554	13	20	2	4	3378.20	2013-01-10		f
555	13	15	2	4	2997.20	2013-01-10		f
556	13	13	2	4	4000.00	2013-01-10		f
557	13	17	1	4	2997.20	2013-01-10		f
558	13	12	1	4	3983.70	2013-01-10		f
559	13	6	1	4	3037.01	2013-01-10		f
560	13	58	1	4	4994.10	2013-01-10		f
561	13	32	1	4	10146.30	2013-01-10		f
562	13	33	1	4	1102.00	2013-01-10		f
563	13	35	1	4	3229.41	2013-01-11		f
564	13	31	1	4	276.39	2013-01-11		f
565	13	27	1	4	3280.00	2013-01-11		f
566	13	59	1	4	240.00	2013-01-11		f
567	13	42	1	4	7383.40	2013-01-11		f
568	13	30	1	4	3541.20	2013-01-11		f
569	13	21	1	4	2070.10	2013-01-11		f
570	13	36	1	4	28826.14	2013-01-11		f
571	13	18	1	4	2997.20	2013-01-11		f
572	13	22	1	4	1409.70	2013-01-11		f
573	13	4	1	4	3196.26	2013-01-11		f
574	13	3	1	4	3942.79	2013-01-11		f
575	13	10	1	4	7815.23	2013-01-11		f
576	13	9	1	4	9998.10	2013-01-11		f
577	13	44	6	4	233263.51	2013-01-21		f
578	14	44	6	4	233263.51	2013-01-24		f
579	14	8	1	4	22227.82	2013-01-29		f
580	14	24	1	4	857.25	2013-01-29		f
581	14	7	1	4	2136.00	2013-01-29		f
582	14	6	1	4	1605.67	2013-01-29		f
583	14	4	1	4	1103.26	2013-01-29		f
584	14	26	1	4	1535.79	2013-01-29		f
585	14	32	1	4	3803.97	2013-01-29		f
586	14	14	1	4	1930.40	2013-01-29		f
587	14	27	1	4	510.00	2013-01-29		f
588	14	15	1	4	1143.00	2013-01-29		f
589	14	1	1	4	80046.41	2013-01-29		f
590	14	11	1	4	1600.24	2013-01-29		f
591	14	3	1	4	3117.87	2013-01-29		f
592	14	9	1	4	12091.56	2013-01-29		f
593	14	20	1	4	1270.00	2013-01-29		f
594	14	19	1	4	1079.50	2013-01-29		f
595	14	12	1	4	2584.45	2013-01-29		f
596	14	31	1	4	175.00	2013-01-29		f
597	14	5	1	4	9970.19	2013-01-29		f
598	14	18	1	4	2413.00	2013-01-29		f
599	14	36	1	4	28826.14	2013-01-29		f
600	14	33	1	4	3801.90	2013-01-29		f
601	14	58	1	4	2837.10	2013-01-29		f
605	14	21	1	4	381.00	2013-01-29		f
606	14	17	1	4	2540.00	2013-01-29		f
607	20	20	1	4	1390.65	2013-04-24		f
608	20	14	1	4	889.00	2013-04-24		f
609	20	17	1	4	1003.30	2013-04-24		f
610	20	18	1	4	2914.65	2013-04-24		f
611	20	22	1	4	920.75	2013-04-24		f
612	20	12	1	4	1041.40	2013-04-24		f
613	20	23	1	4	1174.75	2013-04-24		f
615	20	21	1	4	184.15	2013-04-24		f
616	20	32	1	4	4938.77	2013-04-24		f
618	20	61	1	4	3540.10	2013-04-24		f
619	20	43	1	4	2687.90	2013-04-24		f
621	20	43	4	4	55298.00	2013-04-24		f
620	20	35	1	4	3603.98	2013-04-24		f
622	20	62	1	4	3389.92	2013-04-24		f
623	20	63	1	4	2430.28	2013-04-24		f
624	20	4	1	4	4995.04	2013-04-24		f
625	20	64	1	4	6870.07	2013-04-24		f
626	20	26	1	4	7445.31	2013-04-24		f
627	20	65	1	4	1544.30	2013-04-24		f
628	20	8	1	4	22976.31	2013-04-24		f
629	20	3	1	4	2049.15	2013-04-24		f
630	20	6	1	4	2225.81	2013-04-24		f
633	20	10	1	4	6917.33	2013-04-24		f
635	20	7	1	4	1848.00	2013-04-24		f
636	20	15	1	4	2660.65	2013-04-24		f
637	20	16	1	4	1079.50	2013-04-24		f
638	20	67	1	4	1428.75	2013-04-24		f
640	20	34	1	4	3189.77	2013-04-24		f
641	20	13	1	4	1027.60	2013-04-24		f
642	20	36	1	4	28780.36	2013-04-24		f
643	20	27	1	4	2770.00	2013-04-24		f
718	21	45	1	4	4041.24	2013-06-05	DEVIDO A MUDANÇA DO ARQUIVO GERADO PELA BASE NACIONAL DO CNES(TXT DEFINITIVO)\nA PRODUÇAO DESTA UNIDADE QUE FOI INFORMADA NO VALOR DE 4.041,24 FICOU ZERADA.\n 	f
644	20	45	1	4	4001.62	2013-04-24		f
645	20	68	1	4	6000.00	2013-04-24	REFERENTE AO PAGAMENTO DE CIRURGIAS UROLOGICAS REALIZADA NA COMPETENCIA MARÇO/2013	f
646	20	66	1	9	3315.64	2013-04-25		f
647	20	66	1	9	1042.48	2013-04-25		f
648	20	9	1	9	6779.55	2013-04-25		f
649	20	9	1	9	1128.80	2013-04-25		f
650	20	33	1	9	4910.05	2013-04-25		f
651	20	1	1	9	67000.00	2013-04-26		f
652	20	44	1	4	6297.65	2013-04-29	ATENDIMENTO DO LABORATORIO	f
654	20	44	6	4	245873.81	2013-04-29		f
655	19	33	9	4	2790.00	2013-05-02		f
656	20	33	9	4	1530.00	2013-05-02		f
657	18	34	1	9	2031.39	2013-05-06		f
658	19	34	1	9	3434.83	2013-05-06		f
659	20	65	1	4	1927.66	2013-05-07	ATENDIMENTO REALIZADO NO HOSPITAL MUNICICPAL MARIA AMELIA BEZERRA	f
660	14	44	6	4	46968.01	2013-05-20		f
661	13	44	6	4	40834.93	2013-05-20		f
663	21	44	6	4	245873.81	2013-05-20		f
664	18	44	6	9	233263.51	2013-05-21		f
719	21	8	1	4	22569.93	2013-06-05	DEVIDO A MUDANÇA DO ARQUIVO GERADO PELA BASE NACIONAL DO CNES(TXT DEFINITIVO)\nA PRODUÇAO DESTA UNIDADE QUE FOI INFORMADA NO VALOR DE R$22.569,93 FICOU ZERADA.\n 	f
666	19	44	6	9	233263.51	2013-05-21		f
667	18	44	6	9	54935.50	2013-05-21		f
668	19	44	6	9	27736.98	2013-05-21		f
669	20	40	1	9	5400.00	2013-05-22		f
670	20	41	1	9	2859.50	2013-05-22		f
671	20	54	1	9	5300.00	2013-05-22		f
672	20	48	1	9	5500.00	2013-05-22		f
673	20	38	1	9	5525.00	2013-05-22		f
674	20	39	1	9	5100.00	2013-05-22		f
676	21	65	1	4	5197.54	2013-06-04	ATENDIMENTO REALIZADO NO HOSPITAL INFANTIL MUNICIPAL MARIA AMELIA - ABRIL 2013	f
677	21	20	1	4	3206.75	2013-06-04		f
678	21	15	1	4	3867.15	2013-06-04		f
679	21	14	1	4	2781.30	2013-06-04		f
680	21	16	1	4	3905.25	2013-06-04		f
681	21	17	1	4	3968.75	2013-06-04		f
682	21	18	1	4	3975.10	2013-06-04		f
683	21	22	1	4	3981.45	2013-06-04		f
684	21	12	1	4	571.50	2013-06-04		f
685	21	67	1	4	3492.50	2013-06-04		f
686	21	21	1	4	1320.80	2013-06-04		f
687	21	23	1	4	3632.20	2013-06-04		f
688	21	9	1	4	9912.59	2013-06-04		f
689	21	9	1	4	2330.64	2013-06-04	CITOLOGIAS	f
690	21	66	1	4	4738.50	2013-06-04		f
691	21	66	1	4	1752.96	2013-06-04	CITOLOGIAS	f
692	21	10	1	4	5735.01	2013-06-04		f
693	21	3	1	4	3446.43	2013-06-04		f
694	21	26	1	4	7467.79	2013-06-04		f
695	21	6	1	4	3420.42	2013-06-04		f
696	21	4	1	4	3769.18	2013-06-04		f
697	21	7	1	4	2664.00	2013-06-04		f
698	21	65	1	4	21001.91	2013-06-04		f
700	21	63	1	9	4050.44	2013-06-05		f
701	21	35	1	9	3774.61	2013-06-05		f
702	21	62	1	9	4445.66	2013-06-05		f
703	21	35	4	9	23148.00	2013-06-05		f
704	21	43	4	9	24434.00	2013-06-05		f
706	21	34	1	9	5000.00	2013-06-05		f
707	21	36	1	9	28841.40	2013-06-05		f
708	21	27	1	9	3890.00	2013-06-05		f
709	21	28	1	9	3981.65	2013-06-05		f
710	21	61	1	9	10054.57	2013-06-05		f
711	21	33	1	9	12640.50	2013-06-05		f
713	21	33	9	9	4815.00	2013-06-05		f
714	21	13	1	9	4000.00	2013-06-05		f
715	21	32	1	9	4823.22	2013-06-05		f
716	21	43	1	9	3015.48	2013-06-05		f
717	21	26	1	9	7467.07	2013-06-05		f
721	21	1	1	4	67000.00	2013-06-05	OFICIO EM ANEXO	f
722	21	40	1	9	9900.00	2013-06-05		f
723	21	54	1	9	10000.00	2013-06-05		f
724	21	41	1	9	8321.50	2013-06-05		f
725	21	48	1	9	10000.00	2013-06-05		f
727	21	38	1	9	9925.00	2013-06-05		f
728	21	39	1	9	10100.00	2013-06-06		f
729	21	44	1	9	3263.21	2013-06-06		f
730	21	64	1	9	4594.07	2013-06-06		f
731	20	44	6	4	51613.49	2013-06-18	DIFERENÇA DE PRODUTIVIDADE DA COMPETENCIA MARÇO/2013. \nDO CENTRO DE NEFROLOGIA DE JUAZEIRO DO NORTE.	f
733	22	15	1	4	3790.95	2013-06-25		f
734	22	21	1	4	2984.50	2013-06-25		f
735	22	67	1	4	3545.55	2013-06-25		f
736	22	12	1	4	3079.75	2013-06-25		f
737	22	18	1	4	3968.75	2013-06-25		f
738	22	17	1	4	3968.75	2013-06-25		f
739	22	22	1	4	3937.00	2013-06-25		f
740	22	23	1	4	3854.45	2013-06-25		f
741	22	16	1	4	3634.45	2013-06-25		f
742	22	14	1	4	3987.80	2013-06-25		f
743	22	20	1	4	3314.70	2013-06-25		f
745	22	9	1	4	3711.76	2013-06-25	CITOPATOLOGICO	f
746	22	9	1	4	9837.58	2013-06-25		f
747	22	66	1	4	4978.27	2013-06-25		f
748	22	10	1	4	6804.66	2013-06-25		f
749	22	3	1	4	3433.63	2013-06-25		f
750	22	26	1	4	7163.35	2013-06-25		f
751	22	6	1	4	4983.93	2013-06-25		f
752	22	4	1	4	4779.35	2013-06-25		f
753	22	65	1	4	34540.07	2013-06-25		f
754	22	64	1	4	5779.21	2013-06-25		f
755	22	7	1	4	3480.00	2013-06-25		f
757	22	62	1	4	7514.72	2013-06-25		f
758	22	62	4	4	7716.00	2013-06-25		f
759	22	43	4	4	47582.00	2013-06-25		f
760	22	43	1	4	3222.54	2013-06-25		f
761	22	35	1	4	3214.08	2013-06-25		f
762	22	63	1	4	6304.94	2013-06-25		f
763	22	34	1	4	5000.00	2013-06-25		f
764	22	1	1	4	67000.00	2013-06-25		f
765	22	36	1	4	28841.40	2013-06-25		f
766	22	27	1	4	4000.00	2013-06-25		f
767	22	28	1	4	3971.35	2013-06-25		f
768	22	61	1	4	10611.84	2013-06-25		f
769	22	31	1	4	490.00	2013-06-25		f
770	22	32	1	4	6906.39	2013-06-25		f
771	22	33	1	4	9284.57	2013-06-25		f
772	22	33	9	4	12825.00	2013-06-25		f
773	22	8	1	4	22258.81	2013-06-25	DEVIDO A MUDANÇA DO ARQUIVO GERADO PELA BASE NACIONAL DO CNES(TXT DEFINITIVO)\nA PRODUÇAO DESTA UNIDADE QUE FOI INFORMADA NO VALOR DE 22.258,81 FICOU ZERADA.	f
774	22	44	1	4	8963.10	2013-06-25		f
775	22	44	6	9	245873.81	2013-06-27		f
777	22	54	1	9	9400.00	2013-07-01		f
778	22	48	1	9	9925.00	2013-07-01		f
779	22	38	1	9	9925.00	2013-07-01		f
780	22	40	1	9	10000.00	2013-07-01		f
781	22	39	1	9	9850.00	2013-07-01		f
782	22	41	1	9	9934.50	2013-07-01		f
783	22	65	1	9	5884.14	2013-07-03		f
784	23	23	1	4	3968.75	2013-07-23		f
785	23	21	1	4	3981.45	2013-07-23		f
786	23	67	1	4	3968.75	2013-07-23		f
787	23	12	1	4	2667.00	2013-07-23		f
788	23	22	1	4	3994.15	2013-07-23		f
789	23	18	1	4	3994.70	2013-07-23		f
790	23	17	1	4	3937.00	2013-07-23		f
791	23	16	1	4	3994.15	2013-07-23		f
792	23	14	1	4	3968.75	2013-07-23		f
793	23	15	1	4	3981.45	2013-07-23		f
794	23	20	1	4	3302.00	2013-07-23		f
795	23	9	1	4	9991.47	2013-07-23		f
796	23	9	1	4	2264.24	2013-07-23	EXAMES CITOPATOLOGICOS\n	f
797	23	66	1	4	4033.28	2013-07-23		f
798	23	10	1	4	5080.05	2013-07-23		f
799	23	3	1	4	3490.43	2013-07-23		f
800	23	26	1	4	7344.83	2013-07-23		f
801	23	6	1	4	4998.91	2013-07-23		f
802	23	4	1	4	4313.36	2013-07-23		f
803	23	65	1	4	34402.65	2013-07-23		f
804	23	64	1	4	6281.62	2013-07-23		f
805	23	32	1	4	6964.16	2013-07-23		f
806	23	8	1	4	22235.93	2013-07-24		f
808	23	33	1	4	19530.72	2013-07-24		f
809	23	33	9	4	15975.00	2013-07-24		f
810	23	31	1	4	210.00	2013-07-24		f
811	23	28	1	4	3789.75	2013-07-24		f
812	23	27	1	4	3210.00	2013-07-24		f
813	23	36	1	4	28841.40	2013-07-24		f
814	23	1	1	4	67000.00	2013-07-24		f
815	23	13	1	4	4000.00	2013-07-24		f
816	23	34	1	4	4998.83	2013-07-24		f
818	21	44	7	4	74397.62	2013-07-24		f
819	21	44	7	4	74397.65	2013-07-24	DIFERENÇA DE PRODUTIVIDADE DA COMPETENCIA ABRIL/2013. \nDO CENTRO DE NEFROLOGIA DE JUAZEIRO DO NORTE.(RECURSO ESTADUAL)	f
820	23	62	1	4	8101.82	2013-07-24		f
821	23	63	1	4	6991.87	2013-07-24		f
822	23	35	1	4	3752.38	2013-07-24		f
823	23	43	1	4	3461.24	2013-07-24		f
838	23	65	1	4	4825.88	2013-07-31	PROCEDIMENTOS REALIZADO NO AMBULATORIO DO HOSP. INFANTIL MARIA AMELIA	f
825	23	43	1	4	36008.00	2013-07-24		f
826	23	62	4	4	6430.00	2013-07-24		f
827	23	35	4	4	19933.00	2013-07-24		f
829	23	40	1	4	9850.00	2013-07-25		f
839	23	7	1	9	3500.00	2013-08-13		f
831	23	41	1	4	9989.80	2013-07-25		f
832	23	38	1	4	9875.00	2013-07-25		f
833	23	48	1	4	9700.00	2013-07-25		f
834	23	54	1	4	9850.00	2013-07-25		f
835	23	39	1	4	9700.00	2013-07-25		f
836	23	44	6	9	245873.81	2013-07-26		f
840	24	20	1	9	3860.80	2013-08-21		f
841	24	15	1	9	3994.15	2013-08-21		f
842	24	14	1	9	3981.45	2013-08-21		f
843	24	16	1	9	3975.10	2013-08-21		f
844	24	17	1	9	3994.15	2013-08-21		f
845	24	18	1	9	3968.75	2013-08-21		f
846	24	22	1	9	3968.75	2013-08-21		f
847	24	12	1	9	3937.00	2013-08-21		f
848	24	67	1	9	3968.75	2013-08-21		f
849	24	21	1	9	2070.10	2013-08-21		f
850	24	23	1	9	3994.15	2013-08-21		f
855	24	10	1	9	5775.25	2013-08-21		f
857	24	66	1	9	3926.73	2013-08-21		f
858	24	3	1	9	3481.86	2013-08-21		f
859	24	26	1	9	7470.98	2013-08-21		f
860	24	9	1	9	9994.30	2013-08-21		f
861	24	9	1	9	5936.16	2013-08-21		f
862	24	6	1	9	4987.66	2013-08-21		f
863	24	4	1	9	4519.88	2013-08-21		f
865	24	7	1	9	3480.00	2013-08-21		f
866	24	65	1	9	34794.48	2013-08-21		f
867	24	64	1	9	6456.31	2013-08-21		f
868	24	32	1	9	6951.42	2013-08-21		f
869	24	33	1	9	19998.18	2013-08-21		f
870	24	13	1	9	4000.00	2013-08-21		f
872	24	31	1	9	210.00	2013-08-21		f
873	24	43	1	9	2637.20	2013-08-21		f
874	24	43	8	9	43081.00	2013-08-21		f
875	24	35	1	9	3374.26	2013-08-21		f
876	24	35	8	9	6430.00	2013-08-21		f
877	24	62	8	9	12860.00	2013-08-21		f
878	24	62	1	9	9546.08	2013-08-21		f
879	24	63	1	9	6990.19	2013-08-21		f
880	24	27	1	9	2920.00	2013-08-21		f
881	24	36	1	9	28841.40	2013-08-21		f
883	24	44	1	9	12158.56	2013-08-21		f
884	24	1	1	4	67000.00	2013-08-21	A Unidade prestadora realizou o atendimento para o fim em que contratada,\nsegue em anexo a produçao realizada na conpetencia de Julho/2013, informada via RAAS.	f
952	25	72	1	4	9900.00	2013-09-26		f
885	24	33	9	4	15255.00	2013-08-21		f
886	24	34	1	4	2535.17	2013-08-21		f
887	24	39	1	4	9850.00	2013-08-22		f
888	24	41	1	4	9952.60	2013-08-22		f
889	24	40	1	4	10000.00	2013-08-22		f
953	25	71	1	4	7070.00	2013-09-26		f
891	24	48	1	4	10000.00	2013-08-22		f
892	24	38	1	4	9900.00	2013-08-22		f
893	24	54	1	4	10000.00	2013-08-22		f
895	9	44	7	4	52638.33	2013-08-27	DIFERENÇA DE PRODUTIVIDADE DA COMPETENCIA JUNHO/2013. \nDO CENTRO DE NEFROLOGIA DE JUAZEIRO DO NORTE.(RECURSO ESTADUAL)	f
896	22	44	7	4	88783.78	2013-08-27	DIFERENÇA DE PRODUTIVIDADE DA COMPETENCIA MAIO/2013. \nDO CENTRO DE NEFROLOGIA DE JUAZEIRO DO NORTE.(RECURSO ESTADUAL)	f
897	24	65	1	4	5749.74	2013-08-27	ATENDIMENTO REALIZADO NO HOSPITAL MUNICIPAL INFANTIL MARIA AMELIA BEZERRA	f
899	23	44	7	9	52638.33	2013-08-27	DIFERENÇA DE PRODUTIVIDADE DA COMPETENCIA JUNHO/2013 .\nDO CENTRO DE NEFROLOGIA DE JUAZEIRO DO NORTE. (RECURSO ESTADUAL)	f
900	24	44	6	9	245873.81	2013-09-02		f
902	25	20	1	4	3200.40	2013-09-26		f
903	25	15	1	4	3333.75	2013-09-26		f
904	25	14	1	4	3987.80	2013-09-26		f
905	25	16	1	4	3994.15	2013-09-26		f
906	25	17	1	4	3994.15	2013-09-26		f
907	25	18	1	4	3981.45	2013-09-26		f
908	25	22	1	4	4978.40	2013-09-26		f
909	25	12	1	4	539.75	2013-09-26		f
910	25	67	1	4	3994.15	2013-09-26		f
911	25	23	1	4	3994.15	2013-09-26		f
912	25	23	1	4	3987.80	2013-09-26		f
913	25	21	1	4	3810.00	2013-09-26		f
915	25	9	1	4	4684.00	2013-09-26	EXAME CITOPATOLOGICO - CITOLOGIAS	f
916	25	66	1	4	3629.86	2013-09-26		f
917	25	10	1	4	6006.78	2013-09-26		f
918	25	3	1	4	3433.16	2013-09-26		f
919	25	26	1	4	9998.78	2013-09-26		f
920	25	6	1	4	4474.06	2013-09-26		f
921	25	4	1	4	4232.87	2013-09-26		f
922	25	64	1	4	6878.75	2013-09-26		f
954	25	70	1	4	2324.00	2013-09-26		f
924	25	7	1	4	2112.00	2013-09-26		f
925	25	65	1	4	24621.32	2013-09-26		f
926	25	69	1	4	2729.71	2013-09-26		f
927	25	32	1	4	17484.51	2013-09-26		f
929	25	33	1	4	28856.05	2013-09-26		f
930	25	33	9	4	11655.00	2013-09-26		f
931	25	31	1	4	362.88	2013-09-26		f
932	25	28	1	4	3610.05	2013-09-26		f
933	25	27	1	4	670.00	2013-09-26		f
935	25	35	1	4	14729.80	2013-09-26		f
936	25	63	1	4	8853.02	2013-09-26		f
937	25	62	1	4	9705.25	2013-09-26		f
938	25	62	4	4	12860.00	2013-09-26		f
939	25	35	4	4	27006.00	2013-09-26		f
940	25	43	4	4	27649.00	2013-09-26		f
941	25	36	1	4	28841.40	2013-09-26		f
943	25	1	1	4	80000.00	2013-09-26	A Unidade prestadora realizou o atendimento para o fim em que contratada,\nsegue em anexo a produçao realizada na conpetencia de Julho/2013, informada via RAAS.	f
945	25	44	1	4	3034.37	2013-09-26		f
946	25	13	1	4	4000.00	2013-09-26		f
947	25	40	1	4	10000.00	2013-09-26		f
948	25	54	1	4	9900.00	2013-09-26		f
949	25	38	1	4	9850.00	2013-09-26		f
950	25	39	1	4	9850.00	2013-09-26		f
951	25	41	1	4	9911.35	2013-09-26		f
961	25	9	1	9	9935.60	2013-09-27		f
955	25	34	1	4	4997.67	2013-09-26		f
958	25	43	1	4	2666.21	2013-09-26		f
959	25	73	1	9	3987.80	2013-09-27		f
962	25	54	10	9	9000.00	2013-09-27		f
963	25	72	10	9	9000.00	2013-09-27		f
964	25	38	10	9	9000.00	2013-09-27		f
965	25	41	10	9	2099.00	2013-09-27		f
966	25	40	10	9	13500.00	2013-09-27		f
967	25	39	10	9	9000.00	2013-09-27		f
968	24	8	1	9	22991.14	2013-09-27		f
969	25	44	6	9	283360.12	2013-10-01		f
970	25	65	1	9	5000.00	2013-10-03	OBS. PRODUÇÃO LABORATORIAL REALIZADA NO HOSTIPAL MARIA AMELIA NO COMP. DE AGOSTO/2013	f
971	24	44	7	4	71125.15	2013-10-09	DIFERENÇA DE PRODUTIVIDADE DA COMPETENCIA JULHO/2013 .\nDO CENTRO DE NEFROLOGIA DE JUAZEIRO DO NORTE. (RECURSO ESTADUAL)	f
972	23	74	1	4	9923.54	2013-10-10		f
973	24	74	1	4	8700.00	2013-10-10		f
974	25	74	1	4	9300.00	2013-10-10		f
975	25	8	1	4	43389.79	2013-10-15		f
976	11	20	1	4	3975.10	2013-10-23		f
977	11	15	1	4	3981.45	2013-10-23		f
978	11	14	1	4	3994.15	2013-10-23		f
979	11	16	1	4	3994.15	2013-10-23		f
980	11	17	1	4	3981.45	2013-10-23		f
981	11	18	1	4	3987.80	2013-10-23		f
982	11	22	1	4	4984.95	2013-10-23		f
983	11	67	1	4	3897.80	2013-10-23		f
984	11	23	1	4	3987.80	2013-10-23		f
985	11	73	1	4	3727.45	2013-10-23		f
986	11	21	1	4	4984.75	2013-10-23		f
987	11	9	1	4	11868.34	2013-10-23		f
988	11	66	1	4	4170.02	2013-10-23		f
989	11	10	1	4	6861.88	2013-10-23		f
990	11	3	1	4	3453.57	2013-10-23		f
991	11	26	1	4	9953.16	2013-10-23		f
992	11	6	1	4	4790.92	2013-10-23		f
993	11	4	1	4	4325.60	2013-10-23		f
994	11	64	1	4	6312.39	2013-10-23		f
995	11	65	1	4	24874.60	2013-10-23		f
996	11	36	1	4	28841.40	2013-10-23		f
997	11	34	1	4	4996.91	2013-10-23		f
998	11	44	1	4	5931.77	2013-10-23		f
999	11	13	1	4	4000.00	2013-10-23		f
1000	11	51	1	4	636.00	2013-10-23		f
1002	11	32	1	4	16243.59	2013-10-23		f
1004	11	33	9	4	13995.00	2013-10-23		f
1005	11	28	1	4	3013.75	2013-10-23		f
1006	11	27	1	4	3680.00	2013-10-23		f
1007	11	33	1	4	29978.63	2013-10-23		f
1008	11	75	1	4	1271.84	2013-10-23		f
1135	27	40	10	4	4500.00	2013-12-05		f
1009	11	9	1	4	1135.44	2013-10-23	REFERENTE AO PAGAMENTO DOS EXAMES CITOPATOLOCICO 	f
1010	26	34	1	9	4996.11	2013-10-24		f
1011	26	20	1	9	3975.10	2013-10-24		f
1012	26	15	1	9	3981.45	2013-10-24		f
1013	26	14	1	9	3994.15	2013-10-24		f
1014	26	16	1	9	3994.15	2013-10-24		f
1015	26	17	1	9	3981.45	2013-10-24		f
1016	26	18	1	9	3987.80	2013-10-24		f
1018	26	67	1	9	3897.80	2013-10-24		f
1019	26	23	1	9	3987.80	2013-10-24		f
1020	26	73	1	9	3727.45	2013-10-24		f
1021	26	21	1	9	4984.75	2013-10-24		f
1022	26	75	1	9	1271.84	2013-10-24		f
1023	26	51	1	9	636.00	2013-10-24		f
1024	26	13	1	9	4000.00	2013-10-24		f
1025	26	44	1	9	5931.77	2013-10-24		f
1026	26	36	1	9	28841.40	2013-10-24		f
1028	26	27	1	9	3680.00	2013-10-24		f
1029	26	28	1	9	3013.75	2013-10-24		f
1030	26	33	9	9	13995.00	2013-10-24		f
1031	26	33	1	9	29978.63	2013-10-24		f
1032	26	32	1	9	16243.59	2013-10-24		f
1033	26	9	1	9	11868.34	2013-10-24		f
1034	26	9	1	9	1135.44	2013-10-24	REFERENTE AO PAGAMENTO DOS EXAMES CITOPATOLOGICOS	f
1035	26	66	1	9	4170.02	2013-10-24		f
1036	26	10	1	9	6861.88	2013-10-24		f
1037	26	3	1	9	3453.57	2013-10-24		f
1038	26	26	1	9	9941.06	2013-10-24		f
1039	26	6	1	9	4790.92	2013-10-24		f
1040	26	4	1	9	4325.60	2013-10-24		f
1041	26	64	1	9	6312.39	2013-10-24		f
1042	26	65	1	9	24874.60	2013-10-24		f
1043	26	1	1	9	97134.00	2013-10-24	A Unidade prestadora realizou o atendimento para o fim em que contratada,\nsegue em anexo a produçao realizada na conpetencia de Julho/2013, informada via RAAS.	f
1044	26	76	1	9	3635.58	2013-10-24		f
1074	27	20	1	4	3987.80	2013-11-25		f
1047	26	77	1	4	2543.12	2013-10-24		f
1048	26	62	4	4	9645.00	2013-10-24		f
1049	26	43	4	4	32793.00	2013-10-24		f
1050	26	35	4	4	18647.00	2013-10-24		f
1053	26	63	1	4	9997.29	2013-10-24		f
1054	26	62	1	9	7990.27	2013-10-24		f
1055	26	43	1	9	2914.22	2013-10-24		f
1056	26	35	1	9	10863.68	2013-10-24		f
1057	26	41	1	9	9929.10	2013-10-24		f
1058	26	72	1	9	10000.00	2013-10-24		f
1059	26	54	1	9	10025.00	2013-10-24		f
1060	26	40	1	9	10025.00	2013-10-24		f
1061	26	39	1	9	9850.00	2013-10-24		f
1062	26	38	1	9	10000.00	2013-10-25		f
1063	26	54	1	9	4500.00	2013-10-25		f
1064	26	38	8	9	4500.00	2013-10-25		f
1066	26	39	8	9	4500.00	2013-10-25		f
1067	26	70	1	9	4350.00	2013-10-25		f
1068	26	71	1	9	11845.00	2013-10-25		f
1069	26	74	1	4	11550.00	2013-10-25		f
1070	26	65	1	9	6107.40	2013-10-29	ATENDIMENTO REALIZADO NO HOSPITAL MUNICIPAL INFANTIL MARIA AMELIA BEZERRA	f
1071	26	44	6	9	283360.12	2013-11-06		f
1072	25	44	7	9	25454.05	2013-11-06	DIFERENÇA DE PRODUTIVIDADE DA COMPETENCIA AGOSTO/2013 .\nDO CENTRO DE NEFROLOGIA DE JUAZEIRO DO NORTE. (RECURSO ESTADUAL)	f
1075	27	15	1	4	3994.15	2013-11-25		f
1076	27	14	1	4	3987.80	2013-11-25		f
1077	27	16	1	4	3987.80	2013-11-25		f
1078	27	17	1	4	3981.45	2013-11-25		f
1079	27	18	1	4	3994.15	2013-11-25		f
1080	27	22	1	4	4997.45	2013-11-25		f
1081	27	67	1	4	3962.40	2013-11-25		f
1083	27	23	1	4	3994.15	2013-11-25		f
1084	27	73	1	4	3968.75	2013-11-25		f
1085	27	66	1	4	3954.39	2013-11-25		f
1086	27	21	1	4	4984.75	2013-11-25		f
1087	27	3	1	4	3471.72	2013-11-25		f
1088	27	6	1	4	4620.10	2013-11-25		f
1089	27	4	1	4	4391.33	2013-11-25		f
1090	27	64	1	4	6390.69	2013-11-25		f
1091	27	69	1	4	3448.07	2013-11-25		f
1092	27	76	1	4	3996.78	2013-11-25		f
1100	27	62	5	4	9002.00	2013-11-25		f
1101	27	33	1	4	29575.39	2013-11-25		f
1102	27	33	9	4	19665.00	2013-11-25		f
1103	27	9	1	4	11586.91	2013-11-25		f
1104	27	77	1	4	3429.24	2013-11-25	REFERENTE AO EXAMES CITOPATOLOGICO.	f
1105	27	77	1	4	172.84	2013-11-25	REFERENTE AO EXAMES ANATOMO-PATOLOGICO	f
1106	27	51	1	4	420.00	2013-11-25		f
1107	27	9	1	4	4412.01	2013-11-25	REFERENTE AOS EXAMES CITOPATOLOGICOS.	f
1108	27	75	1	4	3961.92	2013-11-25		f
1109	27	34	1	4	4997.34	2013-11-25		f
1110	27	74	1	4	12000.00	2013-11-26		f
1111	27	31	1	4	605.00	2013-11-26		f
1113	27	34	1	4	4997.34	2013-11-26		f
1114	27	28	1	4	3568.85	2013-11-26		f
1115	27	36	1	4	28841.40	2013-11-26		f
1116	27	27	1	4	3760.00	2013-11-26		f
1117	27	44	1	4	8946.33	2013-11-26		f
1120	27	1	1	4	97134.00	2013-11-26	A Unidade prestadora realizou o atendimento para o fim em que contratada,\nsegue em anexo a produçao realizada na conpetencia de outubro/2013, informada via RAAS.	f
1121	27	65	1	4	24919.88	2013-11-26		f
1122	27	13	1	4	4000.00	2013-11-26		f
1123	27	41	1	4	9515.95	2013-11-26		f
1124	27	39	1	4	9900.00	2013-11-26		f
1125	27	38	1	4	10000.00	2013-11-26		f
1126	27	72	1	4	9925.00	2013-11-26		f
1127	27	54	1	4	10100.00	2013-11-26		f
1128	27	40	1	4	10000.00	2013-11-26		f
1129	27	70	1	4	4135.00	2013-11-26		f
1130	27	71	1	4	11440.00	2013-11-26		f
1131	27	44	6	9	283360.12	2013-12-04		f
1133	27	65	1	9	6250.00	2013-12-04	ATENDIMENTO REALIZADO NO HOSPITAL MUNICIPAL INFANTIL MARIA AMELIA BEZERRA	f
1134	27	72	10	4	4500.00	2013-12-05		f
296	2	37	5	4	18004.00	2012-07-25		f
1213	29	9	1	9	11988.49	2014-01-30		f
1224	29	77	1	9	6656.35	2014-01-30		f
1571	34	36	1	4	28841.40	2014-06-24		f
1749	37	75	1	4	2419.36	2014-09-17		f
1754	37	35	4	4	15432.00	2014-09-17		f
1756	37	63	1	4	646.68	2014-09-17		f
1763	37	31	1	4	425.00	2014-09-17		f
1768	37	40	1	4	9800.00	2014-09-17		f
1772	37	41	1	4	9914.15	2014-09-17		f
1777	37	77	1	9	5995.41	2014-09-19		f
1843	38	65	1	4	29988.66	2014-10-20		f
1849	38	10	1	4	6756.11	2014-10-20		f
1856	38	33	9	4	5985.00	2014-10-20		f
1862	38	34	1	4	4997.60	2014-10-20		f
2011	40	54	1	4	9900.00	2014-12-22		f
2023	41	22	1	4	5969.00	2015-01-20		f
2040	41	65	1	4	5324.88	2015-01-21	ATENDIMENTO REALIZADO NO HOSPITAL INFANTIL MARIA AMELIA	f
2057	41	39	1	4	9850.00	2015-01-22		f
2063	41	13	1	4	4000.00	2015-01-22		f
2066	41	28	1	4	2518.55	2015-01-22		f
2068	41	36	1	4	28841.40	2015-01-22		f
2075	42	34	2	1	34.00	2015-02-24		f
2076	42	41	1	1	1234.00	2015-02-24		f
2078	42	32	1	1	2345.77	2015-02-25		f
2079	42	18	5	1	4532.67	2015-02-25		f
2080	42	41	4	1	23456.09	2015-02-25		f
\.


--
-- Name: autorizacoes_id_seq; Type: SEQUENCE SET; Schema: public; Owner: postgres
--

SELECT pg_catalog.setval('autorizacoes_id_seq', 2080, true);


--
-- Data for Name: competencias; Type: TABLE DATA; Schema: public; Owner: postgres
--

COPY competencias (id, mes, ano, created_at, operador_id, ativo) FROM stdin;
1	01	2012	2012-03-25	1	t
4	04	2011	2012-03-28	1	t
2	02	2012	2012-03-25	1	t
5	03	2012	2012-03-28	1	t
6	04	2012	2012-03-28	1	t
7	05	2012	2012-03-28	1	t
8	06	2012	2012-03-28	1	t
9	07	2012	2012-03-28	3	t
10	08	2012	2012-03-28	3	t
11	09	2012	2012-03-28	3	t
12	10	2012	2012-03-28	3	t
13	11	2012	2012-03-28	3	t
14	12	2012	2012-03-28	3	t
15	11	2011	2012-04-02	4	f
18	01	2013	2013-04-17	1	t
19	02	2013	2013-04-17	1	t
20	03	2013	2013-04-17	1	t
21	04	2013	2013-04-17	1	t
22	05	2013	2013-05-20	4	t
26	09	2013	2013-10-24	9	t
27	10	2013	2013-11-25	4	t
23	06	2013	2013-06-25	4	t
24	07	2013	2013-06-25	4	t
25	08	2013	2013-06-25	4	t
28	11	2013	2013-12-23	9	t
29	12	2013	2014-01-28	4	t
30	01	2014	2014-02-20	4	t
31	02	2014	2014-03-26	4	t
32	03	2014	2014-04-14	4	t
33	04	2014	2014-05-23	4	t
34	05	2014	2014-06-23	4	t
35	06	2014	2014-06-23	4	t
36	07	2014	2014-08-19	4	f
37	08	2014	2014-09-17	9	f
38	09	2014	2014-10-17	4	t
39	10	2014	2014-11-06	9	f
40	11	2014	2014-12-19	4	t
41	12	2014	2014-12-19	4	t
42	01	2015	2015-02-23	4	t
\.


--
-- Name: competencias_id_seq; Type: SEQUENCE SET; Schema: public; Owner: postgres
--

SELECT pg_catalog.setval('competencias_id_seq', 43, true);


--
-- Data for Name: config; Type: TABLE DATA; Schema: public; Owner: postgres
--

COPY config (id, expira) FROM stdin;
1	OTgxejEyMzQ1Njc4OTAyMzAyMjAxNTEyMzQ1Njc4OTAyMDAzMjAxNTEyMzQ1Njc4ODkw 
\.


--
-- Name: config_id_seq; Type: SEQUENCE SET; Schema: public; Owner: postgres
--

SELECT pg_catalog.setval('config_id_seq', 1, true);


--
-- Data for Name: estabelecimentos; Type: TABLE DATA; Schema: public; Owner: postgres
--

COPY estabelecimentos (id, cnes, nome, nome_completo, tipo, cpf_cnpj, operador_id, created_at, ativo) FROM stdin;
1	2795329	CAPS DE JUAZEIRO DO NORTE	CAPS DE JUAZEIRO DO NORTE	J	02628917000160	1	2012-03-25	t
2	5164206	CENTRO DE FISIOTERAPIA DO CARIRI	ANTONIO BONAPARTE DE SANTANA FERREIRA	J	11062262000105	1	2012-03-28	t
4	3904784	LABORATORIO SAO LUCAS	LABORATORIO DE ANALISE CLINICAS SAO LUCAS	J	12485108000109	3	2012-03-28	t
5	6302181	CENTRO DE DIAGNOSTICO	INSTITUTO DE ANALISE CLINICAS E PESQUISA DEO CEARA LTDA	J	05331665000282	3	2012-03-28	f
3	2717506	LABORATORIO PASTEUR	LABORATORIO PASTEUR LTDA	J	07671357000140	3	2012-03-28	t
6	3956725	LASAC	LABORATORIO SERTANEJO DE ANALISES CLINICAS	J	11349776000219	3	2012-03-28	f
7	3959988	HISTOLAB	HISTOLAB LABORATORIO DE PATOLOGIA LTDA	J	06787913000186	3	2012-03-28	t
9	2717484	LABORATORIO DE ANALISES CLINICAS DO JUAZEIRO	LABORATORIO DE ANALISES CLINICAS DO JUAZEIRO	J	07586415000138	3	2012-03-28	t
10	3888223	LAMIC	LABORATORIO DE MICROBIOLOGIA E CITOPATOLOGIA DO CARIRI	J	06736219000130	3	2012-03-28	f
11	2756250	CLINICA DA MULHER	CENTRO DE DIAGNOSTICO CITOLOGICO DO CARIRI	J	02628559000196	3	2012-03-28	t
12	6789889	FISIO FORMA	CFL  CLINICA DE FISIOTERAPIA E DERMATO FUNCIONAL S S LTDA	J	13709015000175	3	2012-03-28	t
14	3470873	INFISIC INSTITUTO DE TERAPIA FISICA	CENTRO MEDICO DO JUAZEIRO SEBASTIAO TEIXEIRA LIMA LTDA	J	02725016000197	3	2012-03-28	t
15	3392929	CIREP - CLINICA INTEGRADA DE REABILITAÇAO PSICOMOTORA	CLINICA INTEGRADA DE REABILITAÇAO PSICOMOTORA LTDA	J	41341959000178	3	2012-03-28	t
16	3526712	CLINICA DE FISIOTERAPIA INTEGRADA CFI	CLINICA DE FISIOTERAPIA INTEGRADA SC LTDA	J	07390376000107	3	2012-03-28	t
18	6179630	CALLOU CALLOU FISIOMED	CALLOU CALLOU FISIOMED CLIN DE FISIOTERAPIA MED E EST LTDA	J	10217082000184	3	2012-03-28	t
19	2717417	CLINICA DE MED FIS DO CARIRI CLIMEFIC	JOSE VITORINO DE SOUSA JUNIOR	J	06746473000119	3	2012-03-28	t
20	2717425	CR FISIO	CLINICA DE REABILITACAO E FISIOTERAPIA DE JUAZEIRO LTDA	J	07980469000183	3	2012-03-28	t
22	6638066	CENTROFISIO	CENTROFISIO CENTRO DE FISIOTERAPIA E REABILITACAO DO CARIRI	J	11023229000168	3	2012-03-28	t
24	3962571	CLINICA DE FISIOT DO CARIRI CLINIFISIO	CLINICA DE FISIOTERAPIA DO CARIRI	J	02512079000165	3	2012-03-28	t
26	3768929	LABORATORIO CLINICENTER	CENTRO ANALISES CLINICAS DO CARIRI S C LTDA	J	41342882000150	3	2012-03-28	t
27	3431932	CENTRO CARDIO CARIRI	CENTROCARDIO CENT DE DIAG E TRAT DAS DOEN DO COR SC LTDA	J	01751192000130	3	2012-03-28	f
28	6272711	SAMEGE	SERVICOS DE ASSISTENCIA MEDICA GERAL E ESPECIFICA LTDA	J	08677779000196	3	2012-03-28	t
29	6445020	CLINICA DE ENDOSCOPIA DIGESTIVA DO CARIRI S C LTDA	CLINICA DE ENDOSCOPIA DIGESTIVA DO CARIRI S C LTDA	J	11365196000134	4	2012-03-28	t
30	6287840	GEOVANIA SANTANA	G M DE SANTANA FERREIRA ME	J	04293419000130	4	2012-03-28	t
31	6479677	RADIMAGEM	CLINICA DE RADIOLOGIA MEDICO ODONTOLOGICA LTDA	J	04090903000161	4	2012-03-28	t
32	3766225	CEDIC	CENTRO DE DIAGNOSTICO POR IMAGEM DO CARIRI	J	41341934000174	4	2012-03-28	t
33	5278368	ECOGRAFIA	CLINICA DE ECOGRAFIA GERAL LTDA	J	41342569000112	4	2012-03-28	t
34	3389618	APAE DE JUAZEIRO DO NORTE	ASSOCIACAO DE PAIS E AMIGOS DOS EXcepcionais	J	07670367000161	4	2012-03-28	t
35	5117364	INSTITUTO DE OLHOS DO CARIRI	INSTITUTO DE OLHOS DO CARIRI	J	08177242000167	4	2012-03-28	f
36	5966078	NEUROFOR	NEURO FORTALEZA S C LTDA	J	23563158000256	4	2012-03-28	t
37	6789366	H G O	INSTITUTO GERAL DE OFTALMOLOGIA DE JUAZEIRO S S LTDA	J	13504234000118	4	2012-03-28	t
38	9999993	VITASONS - CENTRO DE APOI AUDITIVO LTDA	VITASONS - CENTRO DE APOI AUDITIVO LTDA	J	92981752000107	4	2012-03-28	f
40	9999991	AUDIMAXX	AUDIMAXX	J	13814429000164	4	2012-03-28	t
41	9999999	CARIRI ORTOPEDIA 	SERGIO & CARDOSO COMERCIO DE SERVIÇOS LTDA ME	J	02958152000127	4	2012-03-28	f
42	3896633	MULTIMAGEM	CLINICA DE ULTRASSONOGRAFIA LTDA	J	04032334000106	4	2012-03-28	t
43	3416690	CENTRO ESPECIALIZADO RETINA E CATARATA	INSTITUTO DA CATARATA E DA MIOPIA LTDA	J	05288028000190	4	2012-03-28	t
44	6011578	CNJ	CENTRO DE NEFROLOGIA DE JUAZEIRO DO NORTE	J	09641165000117	4	2012-03-29	t
45	2770253	GRUPO DE SOCORRO DE URGENCIA JUAZEIRO - GSU	CORPO DE BOMBEIRO MILITAR DO ESTADO DO CEARA	J	35025022000190	4	2012-03-29	f
47	5380499	JOSE GLAUCO NOROES XENOFONTE	JOSE GLAUCO NOROES XENOFONTE	F	43404901304   	4	2012-03-29	t
48	9999998	OTOBEL IND SERV COMER - AUDIBEL	OTOBEL INDUSTRIA COMERCIO E SERVIÇOS DE AP AUDITIVOS	J	07423985000298	4	2012-03-29	t
49	9999995	VICENTE DE PAULO CLEMENTE ME	VICENTE DE PAULO CLEMENTE ME	J	10533818000123	3	2012-03-30	t
50	3617459	JOSE LANDIM JUNIOR	JOSE LANDIM JUNIOR	F	12866741404   	4	2012-04-02	t
25	5071461	LAB DE ANAL CLINICAS ITALIA	TEREZA NEUMA DE OLIVEIRA E SILVA	J	41340431000184	3	2012-03-28	t
13	6478727	CEINAT - CENTRO INTEGRATIVO DE NATUROLOGIA CLINICA TERAPIA	ACENAC - ASSOCIAÇAO CEARENSE E NATUROLOGIA CLINICA	J	06039503000157	3	2012-03-28	t
51	6805566	medicos associados	medicos associados	J	11297372000148	3	2012-06-01	t
56	8888888	diniz	otica diniz	J	05927822000136	3	2012-07-09	t
54	3466890	BV CENTRO AUDITIVO	BV CENTRO AUDITIVO	J	00139892000106	3	2012-06-21	t
57	6992838	INSTITUTO CEREBRO MENTE E VISAO	VISAO E MENTE OFTALMOLOGIA E PSIQUIATRIA LTDA	J	15241552000169	4	2012-09-03	t
59	7019977	IMOC	IMOC	J	09231344000186	4	2012-10-09	t
58	2717468	LAB. DE ANAL. CLIN.CANDIDO TRIGUEIRO LTDA	LABORATORIO DE ANALISES CLINICA CANDIDO TRIGUEIRO LTDA	J	07577869000142	4	2012-10-04	f
61	3579522	SAO JOSE IMAGEM LTDA	SAO JOSE IMAGEM LTDA	J	05631610000107	4	2013-04-24	t
62	6961878	CENTRO ESPECIALIZADO DA VISAO	CENTRO ESPECIALIZADO DA VISAO LTDA	J	14661986000155	4	2013-04-24	t
63	7019971	IOP INSTITUTO DE OLHOS DO PERNAMBUCO	GUSTAVO ISABEL LTDA ME	J	09231344000186	4	2013-04-24	f
65	7193181	LABORATORIO DE ANALISES CLINICAS CLINIAFAGU LTDA ME ME	LABORATORIO DE ANALISES CLINICAS CLINIAFAGU LTDA ME ME	J	16422766000102	4	2013-04-24	t
17	6800815	TEREZINHA PEREIRA	CENTRO CATOLICO DE EVANGELIZACAO E REABILITACAO	J	13351676000171	3	2012-03-28	t
23	2717409	CLINICA DE FISIOTERAPIA GERAL CFG	CLINICA DE FISIOTERAPIA GERAL	J	41341868000132	3	2012-03-28	t
21	6831567	FISIOCLINIC	RACHELL DE MENEZES PINHEIRO ME	J	17678300000127	3	2012-03-28	t
39	9999997	CENTRO AUDITIVO DO CARIRI LTDA ME	CENTRO AUDITIVO DO CARIRI LTDA ME	J	08884833000174	4	2012-03-28	t
8	4011465	LABORATORIO REGIONAL DE SAUDE PUBLICA - LACEN	SECRETARIA DE SAUDE DO ESTADO DO CEARA	J	07954571000104	3	2012-03-28	t
64	7191464	LABORATORIO PAULO CARTAXO	LABORATORIO DE PESQUISAS CLINICAS DO CARIRI LTDA	J	07176498000278	4	2013-04-24	f
66	3966011	LABORATORIO MONERA LTDA	LABORATORIO MONERA LTDA	J	05675716000102	4	2013-04-24	t
67	6818285	CORPORE CLINICA DE REABILITACAO INTEGRADA	ISAAC QUESADO ALENCAR ME	J	13390593000191	4	2013-04-24	t
68	       	EDGLE PEDRO DE SOUSA FILHO	EDGLE PEDRO DE SOUSA FILHO	F	32703651368   	4	2013-04-24	t
69	5982049	LABORATORIO DE ANLISES CLINICAS CARIRI BABY	FLAVIA ERIC A TAVARES DE VASCONCELOS ME	J	03160340000178	4	2013-09-26	t
70	7317468	CASA DAS LENTES	SV COMERCIO DE ARTIGOS DE OTICA LTDA ME	J	11673018000170	4	2013-09-26	t
71	7291027	LILIAN PRIMA DA A CANDIDO FEITOZA ME - OTICA ESPERANÇA	LILIAN PRIMA DA A CANDIDO FEITOZA ME 	J	17475067000185	4	2013-09-26	t
72	7057016	AUDIO CLIN CARIRI LTDA	AUDIO CLIN CARIRI LTDA	J	15265251000175	4	2013-09-26	t
73	7202512	FISIO ESPORTE	CLINICA DE FISIOTERAPEUTA MOVIMENTO E ACAO ME	J	16457148000190	9	2013-09-27	t
74	7231784	MARIA DE LOURDES DOS SANTOS ARAUJO - ME	MARIA DE LOURDES DOS SANTOS ARAUJO - ME	J	17903366000173	4	2013-10-10	t
75	7312520	IPC INSTITUTO DA PELE DO CEARA	IPC INSTITUTO DA PELE DO CEARA	J	18000762000153	4	2013-10-23	t
76	7277024	VIDANALISE CENTRO DE DIAGNOSTICO	JEYCIANNY PEREIRA DA SILVA ME	J	16967505000160	9	2013-10-24	f
77	7287380	CEDIA	CEDIA CENTRO DE DIAGNOSTICO	J	09385992000278	9	2013-10-24	t
78	2795337	CLINICA DE OLHOS DO CARIRI	CLINICA DE OLHOS DO CARIRI	J	07977036000179	9	2013-12-23	t
79	7407882	MONTENEURO	MONTENEURO CLINICA MEDICA S S LTDA	J	13176767000380	9	2014-02-25	t
80	7322534	LADIC BIOMED	MARIA ALBERTINA DEODATO DE BRITO ME	J	16462275000187	9	2014-03-27	t
\.


--
-- Name: estabelecimentos_id_seq; Type: SEQUENCE SET; Schema: public; Owner: postgres
--

SELECT pg_catalog.setval('estabelecimentos_id_seq', 80, true);


--
-- Data for Name: operadores; Type: TABLE DATA; Schema: public; Owner: postgres
--

COPY operadores (id, nome, email, senha, nivel, ativo, created_at, nome_completo) FROM stdin;
1	luciano	contato@lucianobezerra.eti.br	MzEwMTE5OTg=	0	t	2012-03-25	LUCIANO BEZERRA
4	neuma	neumacentral@hotmail.com	MjkxMjkz	0	t	2012-03-28	NEUMA ESMERALDO
9	diego	diegotuli@hotmail.com	MjYzMTB0	0	t	2013-04-24	DIEGO TULIO
3	hudson	hudosnreni@hotmail.com	MjMwMTA5	2	f	2012-03-27	HUDSONRENI ALVES FIGUEIREDO
\.


--
-- Name: operadores_id_seq; Type: SEQUENCE SET; Schema: public; Owner: postgres
--

SELECT pg_catalog.setval('operadores_id_seq', 9, true);


--
-- Data for Name: rubricas; Type: TABLE DATA; Schema: public; Owner: postgres
--

COPY rubricas (id, codigo, descricao, conta, operador_id, ativo, created_at) FROM stdin;
2	9991	PLENA MUNICIPAL (TESOURO MUNICIPAL)		1	t	2012-03-28
1	9990	PLENA MUNICIPAL (MAC/MS)		1	t	2012-03-26
3	9992	PLENA MUNICIPAL (TESOURO ESTADUAL)		1	t	2012-03-28
4	0043	POLITICA NACIONAL DE CIRURGIAS ELETIVAS		1	t	2012-03-28
5	7770	POLITICA ESTADUAL DE CIRURGIAS ELETIVAS		1	t	2012-03-28
6	0017	NEFROLOGIA (FAEC)		1	t	2012-03-28
7	9999	AJUSTE/DIFERENÇAS/COMPENSAÇOES		4	t	2012-04-02
9	0016	MAMOGRAFIA(FAEC)		4	t	2013-05-02
8	0015	TRATAMENTO DE DOENÇAS DO APARELHO DA VISÃO (FAEC)		3	t	2012-04-19
10	0018	REAB. FISICA, MENTAL, VISUAL, AUD. E MÚLTIPLAS DEFICIÊNCIAS (FAEC)		9	t	2013-09-27
\.


--
-- Name: rubricas_id_seq; Type: SEQUENCE SET; Schema: public; Owner: postgres
--

SELECT pg_catalog.setval('rubricas_id_seq', 10, true);


--
-- Name: autorizacoes_pkey; Type: CONSTRAINT; Schema: public; Owner: postgres; Tablespace: 
--

ALTER TABLE ONLY autorizacoes
    ADD CONSTRAINT autorizacoes_pkey PRIMARY KEY (id);


--
-- Name: config_pkey; Type: CONSTRAINT; Schema: public; Owner: postgres; Tablespace: 
--

ALTER TABLE ONLY config
    ADD CONSTRAINT config_pkey PRIMARY KEY (id);


--
-- Name: pk_competencia; Type: CONSTRAINT; Schema: public; Owner: postgres; Tablespace: 
--

ALTER TABLE ONLY competencias
    ADD CONSTRAINT pk_competencia PRIMARY KEY (id);


--
-- Name: pk_estabelecimento; Type: CONSTRAINT; Schema: public; Owner: postgres; Tablespace: 
--

ALTER TABLE ONLY estabelecimentos
    ADD CONSTRAINT pk_estabelecimento PRIMARY KEY (id);


--
-- Name: pk_operadores; Type: CONSTRAINT; Schema: public; Owner: postgres; Tablespace: 
--

ALTER TABLE ONLY operadores
    ADD CONSTRAINT pk_operadores PRIMARY KEY (id);


--
-- Name: pk_rubrica; Type: CONSTRAINT; Schema: public; Owner: postgres; Tablespace: 
--

ALTER TABLE ONLY rubricas
    ADD CONSTRAINT pk_rubrica PRIMARY KEY (id);


--
-- Name: uk_mes_ano; Type: CONSTRAINT; Schema: public; Owner: postgres; Tablespace: 
--

ALTER TABLE ONLY competencias
    ADD CONSTRAINT uk_mes_ano UNIQUE (mes, ano);


--
-- Name: unique_cnes; Type: CONSTRAINT; Schema: public; Owner: postgres; Tablespace: 
--

ALTER TABLE ONLY estabelecimentos
    ADD CONSTRAINT unique_cnes UNIQUE (cnes);


--
-- Name: unique_codigo; Type: CONSTRAINT; Schema: public; Owner: postgres; Tablespace: 
--

ALTER TABLE ONLY rubricas
    ADD CONSTRAINT unique_codigo UNIQUE (codigo);


--
-- Name: unique_login; Type: CONSTRAINT; Schema: public; Owner: postgres; Tablespace: 
--

ALTER TABLE ONLY operadores
    ADD CONSTRAINT unique_login UNIQUE (nome);


--
-- Name: fk_competencia; Type: FK CONSTRAINT; Schema: public; Owner: postgres
--

ALTER TABLE ONLY autorizacoes
    ADD CONSTRAINT fk_competencia FOREIGN KEY (competencia_id) REFERENCES competencias(id) ON UPDATE CASCADE;


--
-- Name: fk_competencia_operador; Type: FK CONSTRAINT; Schema: public; Owner: postgres
--

ALTER TABLE ONLY competencias
    ADD CONSTRAINT fk_competencia_operador FOREIGN KEY (operador_id) REFERENCES operadores(id) ON UPDATE CASCADE;


--
-- Name: fk_estabelecimento; Type: FK CONSTRAINT; Schema: public; Owner: postgres
--

ALTER TABLE ONLY autorizacoes
    ADD CONSTRAINT fk_estabelecimento FOREIGN KEY (estabelecimento_id) REFERENCES estabelecimentos(id) ON UPDATE CASCADE;


--
-- Name: fk_estabelecimento_operador; Type: FK CONSTRAINT; Schema: public; Owner: postgres
--

ALTER TABLE ONLY estabelecimentos
    ADD CONSTRAINT fk_estabelecimento_operador FOREIGN KEY (operador_id) REFERENCES operadores(id) ON UPDATE CASCADE;


--
-- Name: fk_operador; Type: FK CONSTRAINT; Schema: public; Owner: postgres
--

ALTER TABLE ONLY autorizacoes
    ADD CONSTRAINT fk_operador FOREIGN KEY (operador_id) REFERENCES operadores(id) ON UPDATE CASCADE;


--
-- Name: fk_rubrica; Type: FK CONSTRAINT; Schema: public; Owner: postgres
--

ALTER TABLE ONLY autorizacoes
    ADD CONSTRAINT fk_rubrica FOREIGN KEY (rubrica_id) REFERENCES rubricas(id) ON UPDATE CASCADE;


--
-- Name: fk_rubrica_operador; Type: FK CONSTRAINT; Schema: public; Owner: postgres
--

ALTER TABLE ONLY rubricas
    ADD CONSTRAINT fk_rubrica_operador FOREIGN KEY (operador_id) REFERENCES operadores(id) ON UPDATE CASCADE;


--
-- Name: public; Type: ACL; Schema: -; Owner: postgres
--

REVOKE ALL ON SCHEMA public FROM PUBLIC;
REVOKE ALL ON SCHEMA public FROM postgres;
GRANT ALL ON SCHEMA public TO postgres;
GRANT ALL ON SCHEMA public TO PUBLIC;


--
-- PostgreSQL database dump complete
--

